time,DewPoint,WindSpeed,SoilTemperature,RelativeHumidity,WindDirection,AirTemperature
2008-09-11T23:30:00,74.8,9.0,91.6,74.0,121.0,84.0
2008-09-12T15:00:00,75.3,12.0,85.0,70.0,130.0,86.4
2008-09-10T12:45:00,76.8,12.0,82.1,84.0,106.0,82.3
2008-09-14T00:45:00,72.7,7.0,90.7,76.0,90.0,80.9
2008-09-11T09:45:00,76.1,8.0,82.5,89.0,113.0,79.7
2008-09-07T21:30:00,69.2,14.0,95.6,52.0,62.0,89.1
2008-09-06T08:00:00,68.2,4.0,77.8,90.0,215.0,71.5
2008-09-02T03:00:00,76.1,9.0,86.4,82.0,62.0,82.2
2008-09-05T04:15:00,71.1,8.0,84.2,79.0,331.0,78.0
2008-08-31T06:45:00,76.4,11.0,81.5,85.0,100.0,81.5
2008-09-03T22:45:00,72.9,10.0,93.1,62.0,65.0,87.6
2008-09-11T02:45:00,77.0,10.0,84.7,87.0,115.0,81.3
2008-09-12T14:00:00,76.2,12.0,83.5,75.0,121.0,84.9
2008-09-05T05:30:00,71.7,9.0,83.5,84.0,321.0,76.9
2008-09-12T15:45:00,75.6,11.0,86.4,67.0,105.0,87.9
2008-09-08T08:30:00,76.3,8.0,84.7,87.0,73.0,80.6
2008-09-03T06:00:00,74.2,7.0,85.2,82.0,65.0,80.3
2008-09-05T00:30:00,71.4,10.0,87.2,74.0,6.0,80.3
2008-09-08T11:30:00,75.8,9.0,83.4,84.0,78.0,81.0
2008-09-12T01:45:00,74.0,8.0,88.7,83.0,112.0,79.6
2008-09-10T09:45:00,76.4,13.0,82.5,84.0,112.0,81.6
2008-09-12T20:00:00,73.6,15.0,93.0,60.0,137.0,89.5
2008-08-31T13:30:00,76.8,10.0,80.8,87.0,107.0,81.1
2008-09-06T00:15:00,71.7,7.0,82.5,75.0,246.0,80.4
2008-09-03T20:45:00,73.5,13.0,93.5,58.0,68.0,90.1
2008-09-03T17:15:00,75.0,11.0,88.8,63.0,63.0,89.5
2008-09-10T01:00:00,76.4,13.0,85.4,82.0,109.0,82.6
2008-09-07T07:15:00,72.0,4.0,82.4,90.0,10.0,74.9
2008-09-10T20:15:00,76.6,19.0,87.4,72.0,128.0,86.8
2008-09-13T09:45:00,74.1,5.0,83.5,90.0,81.0,77.4
2008-09-13T11:00:00,74.2,6.0,83.1,89.0,86.0,77.7
2008-09-10T21:45:00,76.7,17.0,87.5,75.0,131.0,85.7
2008-09-04T07:15:00,74.1,4.0,84.3,87.0,69.0,78.4
2008-09-12T10:45:00,73.1,5.0,83.2,90.0,115.0,76.3
2008-09-02T13:45:00,76.8,15.0,83.2,74.0,66.0,86.0
2008-09-07T13:15:00,76.4,3.0,80.6,82.0,60.0,82.4
2008-09-02T22:30:00,74.8,15.0,93.1,68.0,68.0,86.7
2008-09-09T10:00:00,75.5,13.0,82.8,82.0,79.0,81.6
2008-09-09T01:30:00,75.9,13.0,87.7,81.0,73.0,82.4
2008-09-01T03:15:00,76.8,7.0,82.6,88.0,106.0,80.8
2008-09-07T21:00:00,71.5,12.0,95.6,55.0,64.0,89.6
2008-09-12T23:45:00,72.5,8.0,92.1,72.0,111.0,82.3
2008-09-13T22:00:00,71.9,10.0,93.2,55.0,67.0,90.4
2008-09-08T03:30:00,75.7,8.0,87.8,85.0,58.0,80.6
2008-09-07T01:00:00,72.0,5.0,88.5,76.0,100.0,80.1
2008-09-10T18:15:00,77.0,20.0,86.6,70.0,133.0,87.9
2008-08-31T23:15:00,76.9,10.0,85.0,76.0,119.0,85.3
2008-09-07T15:30:00,73.4,7.0,85.3,65.0,54.0,86.6
2008-09-03T07:45:00,74.5,5.0,84.2,87.0,63.0,78.8
2008-09-13T05:30:00,73.3,4.0,85.9,90.0,88.0,76.6
2008-09-13T16:30:00,73.2,9.0,88.5,59.0,114.0,89.3
2008-09-10T16:30:00,77.6,17.0,84.6,74.0,130.0,86.8
2008-09-05T19:15:00,72.1,18.0,82.3,61.0,261.0,87.0
2008-09-08T15:00:00,75.6,18.0,85.6,69.0,84.0,86.8
2008-09-06T20:45:00,69.6,7.0,92.7,52.0,84.0,89.5
2008-09-11T20:15:00,73.1,18.0,92.8,56.0,142.0,91.0
2008-09-13T22:15:00,72.5,11.0,93.2,57.0,77.0,89.9
2008-09-09T17:30:00,76.7,22.0,87.8,72.0,100.0,86.9
2008-09-04T13:00:00,75.7,8.0,82.4,86.0,19.0,80.2
2008-09-06T20:30:00,70.2,8.0,92.4,53.0,82.0,89.4
2008-09-12T12:30:00,76.0,7.0,82.6,86.0,110.0,80.7
2008-09-02T10:15:00,76.1,8.0,83.0,84.0,59.0,81.3
2008-09-01T22:30:00,74.7,16.0,92.0,65.0,65.0,87.9
2008-09-01T05:00:00,76.9,7.0,82.0,87.0,95.0,81.0
2008-09-11T22:00:00,73.8,16.0,93.1,61.0,142.0,88.9
2008-08-31T17:15:00,78.2,18.0,82.2,80.0,111.0,85.0
2008-09-13T02:30:00,72.5,7.0,88.5,85.0,103.0,77.3
2008-09-11T12:00:00,76.0,4.0,82.0,88.0,122.0,79.9
2008-09-07T15:00:00,75.1,6.0,83.8,69.0,42.0,86.6
2008-09-11T14:15:00,78.0,14.0,83.0,78.0,141.0,85.7
2008-09-08T10:30:00,75.9,9.0,83.8,86.0,74.0,80.6
2008-08-31T13:45:00,76.9,11.0,80.8,87.0,102.0,81.2
2008-09-06T23:00:00,70.6,6.0,91.8,59.0,81.0,86.6
2008-09-08T01:15:00,73.7,11.0,90.4,75.0,69.0,82.3
2008-09-08T20:30:00,74.5,19.0,94.0,61.0,82.0,90.0
2008-09-12T09:00:00,74.3,4.0,83.9,89.0,90.0,77.9
2008-09-03T15:30:00,76.2,10.0,85.2,71.0,66.0,86.8
2008-08-31T16:45:00,77.8,16.0,81.4,84.0,108.0,83.0
2008-09-11T04:45:00,77.1,12.0,83.8,88.0,115.0,81.1
2008-09-05T08:45:00,71.5,14.0,81.3,88.0,291.0,75.2
2008-09-02T09:00:00,76.6,8.0,83.3,84.0,65.0,81.7
2008-09-06T07:15:00,68.5,6.0,78.2,90.0,234.0,71.6
2008-09-03T11:30:00,73.4,5.0,82.7,85.0,59.0,78.3
2008-09-09T10:45:00,75.0,16.0,82.6,81.0,82.0,81.3
2008-09-06T11:00:00,66.8,4.0,76.5,91.0,184.0,69.4
2008-09-03T17:45:00,74.7,10.0,90.0,61.0,61.0,90.0
2008-09-03T18:00:00,74.4,10.0,90.6,61.0,60.0,89.8
2008-09-01T18:45:00,76.2,14.0,91.0,62.0,59.0,91.2
2008-09-11T02:30:00,76.8,10.0,84.8,86.0,111.0,81.2
2008-09-13T10:00:00,74.2,6.0,83.4,89.0,90.0,77.6
2008-09-09T03:00:00,75.4,13.0,86.2,80.0,78.0,82.4
2008-09-10T07:45:00,76.3,13.0,82.8,84.0,104.0,81.7
2008-09-06T05:00:00,69.9,5.0,79.2,88.0,215.0,73.5
2008-09-02T02:45:00,76.0,9.0,86.6,81.0,61.0,82.4
2008-08-31T19:30:00,76.1,24.0,85.3,68.0,119.0,88.0
2008-09-12T08:15:00,74.6,6.0,84.2,89.0,93.0,78.2
2008-09-04T08:45:00,74.8,6.0,83.6,85.0,62.0,79.5
2008-09-09T00:00:00,76.5,13.0,90.0,83.0,66.0,82.1
2008-09-01T15:30:00,76.9,11.0,84.0,71.0,78.0,87.6
2008-09-03T05:30:00,75.1,7.0,85.5,83.0,76.0,80.9
2008-09-09T03:30:00,75.3,13.0,85.8,80.0,76.0,82.0
2008-09-08T22:00:00,75.0,19.0,93.8,66.0,81.0,87.8
2008-09-06T01:45:00,70.6,6.0,81.3,82.0,242.0,76.4
2008-09-01T05:45:00,76.7,7.0,81.8,87.0,99.0,80.9
2008-09-08T07:15:00,76.3,7.0,85.2,88.0,64.0,80.1
2008-09-01T07:30:00,76.3,7.0,81.4,87.0,94.0,80.7
2008-09-13T16:45:00,72.7,10.0,89.0,58.0,126.0,89.3
2008-09-06T03:00:00,69.7,6.0,80.4,86.0,242.0,74.2
2008-09-05T19:00:00,72.6,16.0,82.0,64.0,262.0,86.3
2008-09-08T22:30:00,71.9,14.0,93.3,82.0,102.0,78.0
2008-09-05T04:30:00,70.9,10.0,84.1,78.0,333.0,78.3
2008-08-31T09:00:00,74.0,14.0,81.4,86.0,107.0,78.7
2008-09-13T04:00:00,72.8,5.0,87.1,88.0,107.0,76.5
2008-09-14T03:00:00,73.3,5.0,88.4,85.0,112.0,78.2
2008-09-01T19:45:00,75.7,15.0,91.8,63.0,49.0,90.0
2008-09-08T17:00:00,75.5,20.0,89.7,63.0,78.0,89.7
2008-09-11T19:15:00,73.0,18.0,92.0,54.0,147.0,91.9
2008-09-13T13:45:00,75.8,10.0,83.2,77.0,105.0,84.0
2008-09-02T12:15:00,76.7,9.0,82.5,82.0,53.0,82.7
2008-09-08T05:15:00,76.2,8.0,86.4,87.0,52.0,80.3
2008-09-12T11:45:00,73.9,5.0,82.8,90.0,101.0,77.2
2008-08-31T21:15:00,76.0,18.0,85.7,68.0,125.0,88.1
2008-09-07T05:45:00,71.3,5.0,83.3,90.0,317.0,74.4
2008-09-02T23:30:00,73.8,12.0,91.9,70.0,73.0,84.7
2008-09-02T12:45:00,77.0,9.0,82.5,80.0,53.0,84.0
2008-09-08T21:30:00,75.4,18.0,94.1,66.0,73.0,88.0
2008-08-31T17:45:00,78.0,23.0,83.3,76.0,112.0,86.4
2008-09-13T15:45:00,73.9,11.0,86.8,64.0,118.0,87.7
2008-09-11T06:45:00,76.7,13.0,83.2,87.0,114.0,80.9
2008-08-31T18:45:00,77.1,25.0,84.8,70.0,120.0,88.1
2008-08-31T12:45:00,76.8,10.0,80.8,86.0,116.0,81.3
2008-09-04T19:30:00,70.1,15.0,91.4,59.0,45.0,86.1
2008-09-05T14:30:00,71.9,13.0,78.2,89.0,265.0,75.4
2008-09-07T16:30:00,72.7,10.0,88.2,62.0,59.0,87.6
2008-09-01T20:30:00,75.7,16.0,92.1,62.0,61.0,90.5
2008-08-31T11:00:00,76.3,10.0,80.8,88.0,99.0,80.2
2008-09-13T06:30:00,71.6,1.0,85.3,90.0,314.0,74.7
2008-09-04T13:45:00,73.9,14.0,82.6,73.0,46.0,83.5
2008-09-08T19:00:00,75.1,19.0,93.3,62.0,89.0,89.8
2008-09-04T00:00:00,73.3,7.0,91.3,72.0,68.0,83.4
2008-09-10T04:15:00,76.4,12.0,83.8,84.0,108.0,81.8
2008-09-11T23:00:00,74.7,11.0,92.2,69.0,132.0,86.0
2008-09-02T08:00:00,76.2,7.0,83.7,85.0,65.0,81.1
2008-09-04T21:15:00,70.4,14.0,90.8,62.0,28.0,84.6
2008-09-13T12:30:00,75.6,6.0,82.7,84.0,103.0,80.9
2008-09-12T15:15:00,75.4,11.0,85.5,70.0,133.0,86.2
2008-09-06T08:45:00,67.8,3.0,77.5,90.0,221.0,71.0
2008-09-06T14:15:00,69.5,5.0,78.4,62.0,275.0,83.7
2008-09-07T16:00:00,72.9,8.0,86.7,61.0,54.0,87.8
2008-09-06T14:30:00,70.0,6.0,78.9,63.0,279.0,84.0
2008-09-09T16:30:00,75.7,23.0,86.3,65.0,103.0,89.2
2008-09-04T00:30:00,73.3,7.0,90.5,73.0,78.0,82.8
2008-09-11T04:30:00,77.0,12.0,83.9,87.0,117.0,81.1
2008-09-05T09:45:00,71.5,13.0,80.7,88.0,283.0,75.1
2008-09-01T21:45:00,74.8,16.0,92.5,63.0,66.0,89.3
2008-09-11T03:45:00,76.8,12.0,84.2,86.0,118.0,81.5
2008-09-11T17:00:00,74.8,16.0,87.8,59.0,153.0,91.2
2008-09-10T20:00:00,76.9,17.0,87.4,72.0,129.0,87.1
2008-09-13T09:15:00,73.8,5.0,83.8,91.0,78.0,76.7
2008-09-12T10:15:00,73.6,4.0,83.3,90.0,127.0,77.0
2008-09-12T07:15:00,75.1,8.0,84.7,88.0,108.0,78.9
2008-09-08T22:15:00,72.9,22.0,93.6,74.0,108.0,82.1
2008-09-04T20:15:00,70.3,16.0,91.0,58.0,39.0,86.9
2008-09-01T00:30:00,76.6,7.0,84.2,83.0,108.0,82.2
2008-09-05T21:00:00,71.2,12.0,83.8,59.0,259.0,87.4
2008-09-05T22:45:00,71.5,9.0,83.7,64.0,267.0,84.8
2008-09-06T21:00:00,69.4,7.0,92.9,52.0,76.0,89.3
2008-09-12T03:15:00,75.1,8.0,87.2,87.0,111.0,79.2
2008-09-05T06:45:00,71.6,10.0,82.7,85.0,317.0,76.5
2008-09-06T15:30:00,68.2,5.0,81.5,56.0,257.0,85.5
2008-08-31T11:15:00,76.7,12.0,80.7,86.0,106.0,81.1
2008-09-08T06:45:00,76.4,6.0,85.5,88.0,56.0,80.3
2008-09-08T06:00:00,76.5,7.0,85.9,87.0,56.0,80.7
2008-09-08T01:45:00,73.9,10.0,89.7,78.0,69.0,81.7
2008-09-09T18:00:00,75.9,21.0,87.9,70.0,99.0,86.8
2008-09-10T01:45:00,76.1,16.0,84.9,81.0,111.0,82.5
2008-09-07T22:15:00,68.4,11.0,95.1,52.0,64.0,88.4
2008-09-12T03:30:00,75.2,8.0,87.0,88.0,110.0,79.2
2008-08-31T10:30:00,75.3,10.0,80.9,87.0,90.0,79.6
2008-09-05T15:45:00,72.6,11.0,78.4,88.0,295.0,76.6
2008-09-04T14:30:00,72.8,15.0,83.4,69.0,48.0,84.2
2008-09-09T23:00:00,75.4,15.0,87.0,77.0,102.0,83.6
2008-09-03T12:00:00,75.3,5.0,82.5,86.0,57.0,79.8
2008-08-31T20:00:00,75.9,23.0,85.4,68.0,121.0,87.8
2008-09-04T04:15:00,74.4,5.0,86.2,86.0,61.0,79.2
2008-09-07T09:15:00,71.8,3.0,81.4,91.0,43.0,74.8
2008-09-01T05:30:00,76.8,7.0,81.9,87.0,102.0,81.0
2008-09-01T19:00:00,75.8,14.0,91.3,61.0,67.0,91.0
2008-09-12T16:30:00,74.5,13.0,88.0,62.0,128.0,89.5
2008-09-08T13:00:00,76.6,15.0,83.2,78.0,79.0,84.2
2008-09-11T10:15:00,75.9,8.0,82.3,89.0,113.0,79.5
2008-09-12T06:15:00,75.5,8.0,85.2,88.0,107.0,79.2
2008-09-01T16:45:00,76.2,13.0,86.5,66.0,80.0,89.2
2008-09-05T07:30:00,71.4,13.0,82.2,88.0,299.0,75.3
2008-09-09T21:15:00,75.8,20.0,88.0,73.0,109.0,85.5
2008-09-06T05:45:00,69.7,5.0,78.8,89.0,227.0,73.2
2008-09-02T10:00:00,76.2,8.0,83.0,84.0,60.0,81.4
2008-09-10T13:30:00,77.4,14.0,82.3,82.0,106.0,83.7
2008-09-11T03:15:00,77.0,11.0,84.5,87.0,118.0,81.4
2008-09-13T13:30:00,75.8,11.0,83.0,78.0,110.0,83.4
2008-09-08T02:45:00,75.2,10.0,88.5,82.0,68.0,81.4
2008-09-05T01:00:00,71.4,12.0,86.7,75.0,3.0,80.2
2008-09-08T17:30:00,75.3,18.0,90.8,61.0,87.0,90.4
2008-09-04T12:15:00,74.9,7.0,82.4,88.0,12.0,78.9
2008-09-05T02:45:00,71.2,10.0,85.2,78.0,351.0,78.7
2008-09-02T08:15:00,76.3,8.0,83.5,85.0,61.0,81.4
2008-09-08T00:00:00,73.2,7.0,92.5,74.0,67.0,82.5
2008-09-02T07:45:00,76.1,8.0,83.8,84.0,65.0,81.2
2008-09-10T08:15:00,76.2,13.0,82.7,84.0,110.0,81.6
2008-09-11T21:30:00,74.6,15.0,93.2,61.0,135.0,89.7
2008-09-11T04:00:00,76.9,11.0,84.1,86.0,119.0,81.3
2008-09-03T03:45:00,75.3,9.0,86.7,83.0,66.0,81.1
2008-09-01T08:45:00,75.9,5.0,81.0,89.0,94.0,79.4
2008-09-09T11:15:00,74.7,14.0,82.5,81.0,85.0,81.1
2008-09-02T18:00:00,75.6,15.0,91.0,65.0,60.0,89.0
2008-09-11T19:45:00,73.4,18.0,92.3,54.0,147.0,92.2
2008-09-11T16:30:00,75.5,16.0,86.7,63.0,152.0,89.8
2008-09-10T04:30:00,76.4,12.0,83.8,84.0,110.0,81.9
2008-09-05T07:00:00,71.4,13.0,82.6,86.0,305.0,75.9
2008-09-13T08:15:00,73.1,4.0,84.2,91.0,85.0,75.8
2008-09-11T09:00:00,76.3,9.0,82.6,88.0,114.0,80.1
2008-09-10T22:45:00,76.7,13.0,87.2,77.0,126.0,84.7
2008-09-09T10:30:00,75.2,16.0,82.7,81.0,81.0,81.6
2008-09-05T19:45:00,72.3,15.0,82.8,60.0,262.0,88.1
2008-09-11T22:45:00,74.9,13.0,92.5,69.0,137.0,86.5
2008-09-02T05:45:00,76.2,9.0,84.6,83.0,67.0,82.0
2008-09-10T03:45:00,76.3,10.0,84.0,84.0,104.0,81.7
2008-09-05T21:15:00,70.9,15.0,83.8,57.0,259.0,88.0
2008-09-07T08:00:00,72.0,3.0,82.0,90.0,28.0,75.1
2008-09-06T10:45:00,66.4,6.0,76.6,91.0,173.0,69.1
2008-09-12T12:45:00,76.3,8.0,82.6,84.0,114.0,81.7
2008-08-31T04:15:00,75.2,11.0,82.2,85.0,82.0,80.2
2008-09-09T14:30:00,76.2,22.0,83.6,74.0,89.0,85.3
2008-09-07T11:00:00,70.6,2.0,80.7,90.0,13.0,73.6
2008-09-07T00:00:00,72.4,5.0,90.2,73.0,99.0,82.0
2008-09-05T06:00:00,71.5,11.0,83.2,84.0,310.0,76.8
2008-09-04T07:30:00,74.2,5.0,84.2,86.0,69.0,78.6
2008-09-01T21:15:00,75.8,17.0,92.5,65.0,68.0,89.2
2008-09-09T07:00:00,75.3,12.0,83.7,80.0,77.0,82.0
2008-09-05T20:45:00,71.6,13.0,83.7,60.0,259.0,87.2
2008-09-10T06:00:00,76.5,14.0,83.3,84.0,106.0,82.0
2008-09-02T01:00:00,75.0,13.0,88.5,76.0,71.0,83.6
2008-09-12T08:45:00,74.5,5.0,84.0,88.0,86.0,78.2
2008-09-12T22:15:00,72.5,11.0,93.7,60.0,125.0,88.1
2008-08-31T20:15:00,76.3,22.0,85.4,67.0,119.0,88.6
2008-09-11T01:45:00,76.2,11.0,85.2,84.0,116.0,81.6
2008-09-02T18:30:00,76.3,16.0,91.3,65.0,60.0,89.6
2008-09-05T20:30:00,71.5,14.0,83.7,60.0,268.0,87.0
2008-09-10T03:15:00,76.3,7.0,84.2,84.0,95.0,81.6
2008-09-08T00:45:00,74.4,10.0,91.2,77.0,70.0,82.3
2008-09-10T13:45:00,77.6,15.0,82.4,81.0,110.0,84.2
2008-09-04T14:00:00,73.5,15.0,82.9,71.0,40.0,84.1
2008-09-02T16:15:00,74.6,13.0,87.6,63.0,76.0,89.0
2008-09-05T01:45:00,71.5,10.0,86.0,77.0,356.0,79.2
2008-09-08T09:00:00,76.1,9.0,84.4,86.0,64.0,80.6
2008-09-14T01:45:00,73.5,7.0,89.6,80.0,102.0,80.1
2008-09-10T19:15:00,76.7,19.0,87.2,71.0,129.0,87.3
2008-09-12T18:15:00,74.5,14.0,91.5,61.0,122.0,89.9
2008-09-06T23:45:00,71.9,5.0,90.6,70.0,92.0,82.7
2008-09-03T04:00:00,75.4,8.0,86.5,83.0,69.0,81.0
2008-09-05T16:30:00,73.9,10.0,78.7,84.0,282.0,79.2
2008-09-07T10:30:00,70.5,1.0,80.8,90.0,36.0,73.6
2008-09-03T02:15:00,74.9,10.0,88.1,79.0,74.0,82.2
2008-09-11T11:45:00,75.9,6.0,82.0,88.0,123.0,80.0
2008-09-06T23:15:00,70.6,6.0,91.5,61.0,83.0,85.9
2008-09-03T08:45:00,74.4,7.0,83.8,86.0,69.0,79.0
2008-09-07T01:45:00,71.8,6.0,87.3,76.0,96.0,80.3
2008-09-07T04:00:00,72.3,6.0,84.8,86.0,132.0,76.8
2008-09-10T06:30:00,76.4,13.0,83.1,84.0,102.0,81.8
2008-09-11T03:30:00,76.9,12.0,84.3,86.0,119.0,81.5
2008-08-31T09:15:00,74.7,14.0,81.3,86.0,107.0,79.1
2008-09-09T21:30:00,75.6,18.0,88.0,74.0,109.0,84.7
2008-09-09T09:15:00,75.5,14.0,83.0,81.0,76.0,81.8
2008-09-02T14:00:00,76.8,15.0,83.5,74.0,68.0,86.2
2008-09-09T00:15:00,76.3,13.0,89.6,82.0,67.0,82.2
2008-09-06T03:15:00,69.5,6.0,80.2,86.0,208.0,73.8
2008-09-14T02:30:00,73.3,6.0,88.8,84.0,105.0,78.5
2008-09-12T12:00:00,74.4,5.0,82.7,88.0,110.0,78.2
2008-09-07T19:00:00,71.5,10.0,94.6,56.0,69.0,89.2
2008-09-13T04:15:00,72.9,4.0,86.9,89.0,112.0,76.5
2008-09-02T14:30:00,77.2,13.0,84.2,73.0,68.0,86.8
2008-09-13T18:45:00,74.2,11.0,92.3,60.0,67.0,89.8
2008-09-11T11:30:00,75.9,8.0,82.0,87.0,131.0,80.1
2008-09-11T03:00:00,77.1,11.0,84.6,87.0,114.0,81.4
2008-09-13T20:00:00,71.2,12.0,92.7,52.0,74.0,91.3
2008-09-13T10:45:00,74.3,5.0,83.2,89.0,85.0,77.8
2008-09-11T06:15:00,76.8,13.0,83.4,87.0,113.0,81.0
2008-09-07T04:30:00,72.0,5.0,84.4,88.0,144.0,75.8
2008-08-31T15:15:00,77.0,12.0,80.8,89.0,100.0,80.6
2008-09-11T00:15:00,75.9,11.0,86.2,82.0,110.0,82.2
2008-09-10T23:00:00,76.5,14.0,87.0,78.0,126.0,84.3
2008-09-04T13:15:00,76.1,9.0,82.4,83.0,26.0,81.7
2008-09-03T15:15:00,76.1,10.0,84.8,71.0,76.0,86.7
2008-09-02T01:45:00,75.4,10.0,87.6,79.0,58.0,82.7
2008-09-02T06:45:00,76.2,11.0,84.2,82.0,68.0,82.2
2008-09-03T09:30:00,75.6,8.0,83.4,86.0,70.0,80.3
2008-09-11T15:15:00,76.2,18.0,84.3,68.0,141.0,88.0
2008-09-13T23:45:00,72.4,8.0,91.9,68.0,95.0,84.0
2008-09-06T16:00:00,67.1,4.0,82.9,52.0,254.0,86.6
2008-09-11T08:45:00,76.3,9.0,82.7,88.0,111.0,80.2
2008-09-05T05:00:00,71.2,9.0,83.8,81.0,332.0,77.7
2008-09-05T11:30:00,70.9,16.0,79.2,89.0,272.0,74.2
2008-09-06T03:45:00,69.5,6.0,79.9,87.0,190.0,73.5
2008-09-03T02:30:00,75.1,9.0,87.9,79.0,74.0,82.2
2008-09-04T21:30:00,69.8,15.0,90.6,62.0,23.0,84.1
2008-09-09T01:15:00,75.6,12.0,88.0,80.0,79.0,82.5
2008-09-10T15:45:00,77.8,16.0,84.1,77.0,114.0,86.0
2008-09-03T02:00:00,74.8,10.0,88.4,78.0,78.0,82.4
2008-09-13T06:00:00,72.9,1.0,85.6,90.0,188.0,76.1
2008-09-05T03:45:00,70.9,9.0,84.5,77.0,335.0,78.5
2008-09-05T00:15:00,71.1,11.0,87.5,73.0,11.0,80.7
2008-09-04T03:45:00,74.3,5.0,86.6,85.0,66.0,79.4
2008-09-08T23:30:00,76.2,13.0,91.0,83.0,69.0,82.1
2008-09-09T18:30:00,77.2,20.0,87.9,71.0,99.0,87.7
2008-09-10T12:15:00,76.6,11.0,82.1,85.0,108.0,81.5
2008-09-10T15:15:00,77.3,19.0,83.7,75.0,126.0,86.1
2008-09-03T15:45:00,76.2,10.0,85.6,70.0,72.0,87.3
2008-08-31T18:15:00,77.3,26.0,84.2,73.0,117.0,87.1
2008-09-02T03:15:00,76.1,9.0,86.2,82.0,63.0,82.0
2008-09-10T23:15:00,76.4,12.0,86.9,78.0,126.0,84.0
2008-09-06T02:45:00,69.9,6.0,80.5,85.0,263.0,74.8
2008-09-04T22:15:00,70.7,15.0,89.8,66.0,14.0,83.3
2008-09-12T20:15:00,73.1,15.0,93.1,58.0,136.0,90.0
2008-09-11T10:45:00,75.9,7.0,82.2,89.0,118.0,79.5
2008-09-10T11:00:00,76.4,11.0,82.3,85.0,107.0,81.2
2008-09-09T14:00:00,75.7,21.0,83.0,76.0,85.0,84.2
2008-09-04T16:00:00,69.6,12.0,85.5,58.0,49.0,86.3
2008-09-10T07:30:00,76.4,13.0,82.9,84.0,103.0,81.7
2008-09-09T21:00:00,75.6,20.0,88.0,69.0,111.0,86.9
2008-09-05T16:45:00,74.5,12.0,78.9,82.0,276.0,80.6
2008-09-03T00:45:00,74.2,11.0,90.0,75.0,75.0,83.1
2008-09-02T02:00:00,75.6,11.0,87.3,80.0,60.0,82.6
2008-09-07T06:00:00,71.4,5.0,83.2,90.0,309.0,74.5
2008-09-12T20:45:00,73.7,14.0,93.4,59.0,122.0,90.2
2008-09-02T09:30:00,76.1,9.0,83.2,83.0,69.0,81.8
2008-09-14T02:00:00,73.4,6.0,89.3,83.0,98.0,79.1
2008-09-07T09:00:00,71.9,3.0,81.5,91.0,35.0,74.8
2008-09-08T09:45:00,76.2,8.0,84.1,88.0,64.0,80.1
2008-09-01T14:45:00,77.0,13.0,82.6,72.0,95.0,87.4
2008-09-13T05:45:00,73.7,3.0,85.8,90.0,82.0,77.0
2008-09-06T09:15:00,67.4,3.0,77.2,90.0,221.0,70.6
2008-09-10T03:00:00,75.6,7.0,84.3,82.0,128.0,81.4
2008-08-31T21:00:00,76.0,21.0,85.7,67.0,122.0,88.3
2008-09-10T01:15:00,76.4,13.0,85.2,82.0,106.0,82.5
2008-09-06T16:45:00,67.4,4.0,85.1,51.0,278.0,88.0
2008-09-02T02:30:00,76.0,9.0,86.8,81.0,63.0,82.4
2008-09-04T23:30:00,70.9,14.0,88.4,70.0,19.0,81.8
2008-09-11T14:00:00,78.0,12.0,82.7,80.0,132.0,85.0
2008-09-09T11:30:00,75.2,14.0,82.4,82.0,84.0,81.2
2008-09-05T23:30:00,72.4,8.0,83.1,70.0,267.0,83.2
2008-09-11T17:45:00,74.7,16.0,89.6,59.0,155.0,91.2
2008-09-01T17:45:00,75.0,13.0,88.8,60.0,76.0,90.8
2008-09-01T12:00:00,76.1,2.0,80.3,89.0,43.0,79.7
2008-09-12T03:45:00,75.1,7.0,86.8,88.0,105.0,79.1
2008-09-04T11:15:00,73.5,5.0,82.7,87.0,10.0,77.6
2008-09-04T14:45:00,72.3,14.0,83.6,68.0,44.0,83.9
2008-09-02T22:15:00,74.1,16.0,93.3,65.0,72.0,87.1
2008-09-07T11:30:00,71.0,2.0,80.5,91.0,29.0,73.9
2008-09-03T08:00:00,74.5,6.0,84.1,87.0,69.0,78.8
2008-09-05T15:00:00,72.3,13.0,78.2,88.0,281.0,76.2
2008-09-06T16:30:00,67.2,5.0,84.3,51.0,285.0,87.6
2008-09-11T16:00:00,76.1,16.0,85.6,65.0,148.0,89.5
2008-09-04T06:15:00,73.6,5.0,84.9,83.0,64.0,79.2
2008-09-13T19:45:00,71.5,9.0,92.6,52.0,82.0,92.0
2008-09-11T13:15:00,77.5,10.0,82.1,84.0,106.0,82.8
2008-09-07T17:30:00,72.4,9.0,91.1,60.0,65.0,87.9
2008-09-01T03:45:00,77.0,6.0,82.4,87.0,99.0,81.1
2008-09-10T13:15:00,77.2,13.0,82.2,82.0,104.0,83.1
2008-09-07T17:00:00,72.3,11.0,89.7,61.0,59.0,87.4
2008-09-08T15:45:00,75.4,19.0,86.8,64.0,85.0,89.0
2008-09-04T09:15:00,74.5,6.0,83.4,85.0,66.0,79.5
2008-09-02T21:00:00,74.2,19.0,93.5,62.0,65.0,89.1
2008-09-06T13:45:00,71.1,4.0,77.4,68.0,288.0,82.5
2008-09-07T01:15:00,71.7,5.0,88.0,74.0,83.0,80.7
2008-09-08T00:15:00,73.5,8.0,92.1,75.0,66.0,82.2
2008-09-03T12:30:00,76.7,8.0,82.4,82.0,73.0,82.8
2008-09-08T13:45:00,76.4,17.0,83.7,75.0,76.0,85.4
2008-09-07T22:30:00,69.2,10.0,94.8,54.0,56.0,87.7
2008-09-01T10:45:00,75.2,3.0,80.5,89.0,108.0,78.7
2008-09-12T21:00:00,73.2,16.0,93.6,58.0,131.0,89.9
2008-09-13T23:30:00,72.4,7.0,92.2,66.0,93.0,85.1
2008-09-10T10:45:00,76.4,11.0,82.3,85.0,107.0,81.2
2008-09-02T21:45:00,73.2,16.0,93.6,63.0,70.0,87.3
2008-09-09T22:00:00,76.0,16.0,87.8,77.0,101.0,83.9
2008-09-03T23:00:00,73.9,8.0,92.8,66.0,57.0,86.7
2008-09-03T06:45:00,74.2,6.0,84.8,85.0,72.0,79.2
2008-09-11T01:30:00,76.2,12.0,85.3,84.0,115.0,81.7
2008-09-04T05:30:00,74.2,5.0,85.4,84.0,80.0,79.6
2008-09-04T05:15:00,74.5,5.0,85.5,84.0,80.0,79.7
2008-09-09T06:30:00,75.3,12.0,84.0,80.0,82.0,82.0
2008-09-09T08:00:00,75.5,12.0,83.4,81.0,76.0,82.0
2008-09-10T09:30:00,76.4,13.0,82.5,84.0,109.0,81.5
2008-09-11T09:15:00,76.2,8.0,82.6,89.0,117.0,79.9
2008-09-03T08:15:00,74.4,5.0,84.0,86.0,72.0,79.1
2008-09-02T18:45:00,75.0,16.0,91.5,61.0,62.0,90.2
2008-09-08T00:30:00,73.8,8.0,91.6,77.0,65.0,81.7
2008-09-03T00:30:00,74.5,12.0,90.4,74.0,74.0,83.5
2008-09-04T04:00:00,74.4,4.0,86.4,85.0,68.0,79.4
2008-08-31T22:00:00,76.9,14.0,85.6,71.0,121.0,87.3
2008-09-05T15:15:00,72.4,12.0,78.3,87.0,289.0,76.5
2008-09-09T19:30:00,74.9,23.0,88.3,67.0,112.0,87.2
2008-09-04T10:30:00,72.8,5.0,83.0,85.0,50.0,77.7
2008-09-10T09:00:00,76.3,12.0,82.6,85.0,108.0,81.3
2008-09-06T04:15:00,69.6,5.0,79.6,88.0,210.0,73.4
2008-09-08T04:45:00,76.0,7.0,86.7,87.0,54.0,80.2
2008-09-11T07:00:00,76.7,12.0,83.2,87.0,115.0,80.9
2008-09-02T06:00:00,76.2,9.0,84.5,83.0,66.0,81.9
2008-09-03T16:15:00,75.7,10.0,86.5,67.0,82.0,87.9
2008-09-06T18:15:00,64.9,6.0,89.4,44.0,258.0,89.5
2008-09-08T08:15:00,76.3,8.0,84.8,87.0,70.0,80.5
2008-09-06T09:30:00,67.4,3.0,77.1,90.0,207.0,70.5
2008-09-09T12:45:00,76.0,15.0,82.4,81.0,83.0,82.4
2008-09-09T19:00:00,77.1,19.0,88.2,71.0,91.0,87.7
2008-09-11T17:30:00,74.3,16.0,89.0,59.0,155.0,90.8
2008-09-11T13:30:00,78.2,11.0,82.2,82.0,111.0,84.2
2008-09-09T09:00:00,75.6,14.0,83.1,81.0,74.0,82.0
2008-09-04T22:00:00,70.5,14.0,90.1,65.0,14.0,83.5
2008-09-05T07:45:00,71.4,14.0,82.0,88.0,297.0,75.2
2008-09-11T10:30:00,75.9,7.0,82.3,89.0,110.0,79.4
2008-09-10T02:45:00,75.9,12.0,84.4,82.0,133.0,82.0
2008-09-05T06:15:00,71.4,10.0,83.0,84.0,313.0,76.6
2008-09-01T16:15:00,76.5,12.0,85.4,67.0,78.0,89.0
2008-09-07T22:45:00,70.3,9.0,94.5,58.0,54.0,87.1
2008-09-01T12:15:00,76.4,3.0,80.2,88.0,98.0,80.5
2008-09-02T11:30:00,76.1,7.0,82.6,85.0,55.0,81.0
2008-09-06T11:30:00,67.1,3.0,76.3,91.0,231.0,69.8
2008-09-07T07:30:00,71.8,3.0,82.2,90.0,10.0,74.8
2008-09-12T10:30:00,73.1,4.0,83.3,90.0,127.0,76.3
2008-09-08T12:00:00,76.2,11.0,83.3,83.0,70.0,81.8
2008-08-31T15:30:00,77.1,13.0,80.8,88.0,108.0,80.9
2008-09-03T23:15:00,73.9,7.0,92.4,68.0,51.0,85.6
2008-09-12T18:45:00,73.7,14.0,91.8,59.0,133.0,89.9
2008-09-05T23:45:00,72.2,8.0,82.9,73.0,261.0,81.7
2008-09-06T17:45:00,65.7,5.0,88.0,45.0,239.0,89.8
2008-09-03T11:15:00,73.2,9.0,82.9,83.0,67.0,78.8
2008-09-10T02:30:00,76.4,13.0,84.5,83.0,116.0,82.2
2008-09-01T23:30:00,74.6,12.0,90.8,71.0,65.0,85.0
2008-09-13T18:15:00,73.9,11.0,91.8,61.0,84.0,89.4
2008-09-05T18:15:00,74.0,14.0,81.2,71.0,259.0,84.3
2008-09-09T08:30:00,75.6,13.0,83.2,81.0,73.0,81.9
2008-09-04T02:30:00,74.2,4.0,87.8,83.0,65.0,79.9
2008-09-07T03:45:00,72.4,6.0,85.1,85.0,132.0,77.1
2008-09-13T06:15:00,71.8,2.0,85.4,90.0,286.0,75.0
2008-09-13T04:45:00,73.2,3.0,86.5,89.0,99.0,76.7
2008-09-01T04:45:00,77.0,7.0,82.1,88.0,101.0,81.0
2008-09-13T14:30:00,75.0,11.0,84.2,71.0,108.0,85.4
2008-09-13T19:00:00,73.5,12.0,92.4,60.0,73.0,89.3
2008-09-01T15:15:00,76.6,14.0,83.5,68.0,108.0,88.5
2008-09-03T13:45:00,76.6,11.0,83.0,76.0,75.0,85.2
2008-09-07T01:30:00,72.0,6.0,87.7,75.0,92.0,80.8
2008-09-06T20:15:00,70.3,8.0,92.1,53.0,61.0,89.5
2008-09-13T13:15:00,75.5,11.0,82.8,79.0,105.0,82.8
2008-09-08T21:00:00,74.8,17.0,94.2,65.0,77.0,88.2
2008-09-01T03:00:00,76.7,7.0,82.7,87.0,105.0,80.9
2008-09-10T17:30:00,77.1,20.0,85.7,70.0,129.0,88.1
2008-09-02T07:00:00,76.2,8.0,84.1,84.0,60.0,81.6
2008-09-04T17:45:00,71.1,15.0,89.3,57.0,29.0,88.2
2008-09-02T20:45:00,73.6,18.0,93.4,60.0,63.0,89.2
2008-09-10T08:00:00,76.2,13.0,82.8,83.0,108.0,81.7
2008-09-13T02:00:00,72.0,5.0,89.1,83.0,107.0,77.4
2008-09-01T22:45:00,74.0,14.0,91.8,65.0,69.0,87.1
2008-09-03T07:00:00,74.3,6.0,84.6,85.0,69.0,79.2
2008-09-08T18:30:00,75.5,20.0,92.6,64.0,100.0,89.4
2008-09-07T07:45:00,71.9,3.0,82.1,91.0,23.0,74.8
2008-09-04T18:00:00,71.6,14.0,89.9,58.0,45.0,88.2
2008-09-08T15:30:00,75.3,20.0,86.3,65.0,85.0,88.4
2008-09-05T13:30:00,71.5,12.0,78.2,90.0,280.0,74.5
2008-09-07T04:45:00,71.7,4.0,84.2,88.0,151.0,75.4
2008-09-07T02:45:00,72.0,7.0,86.1,80.0,130.0,78.8
2008-09-02T08:45:00,76.5,8.0,83.4,85.0,62.0,81.5
2008-09-09T15:15:00,77.2,19.0,84.8,74.0,91.0,86.5
2008-09-09T02:15:00,76.2,13.0,86.8,81.0,75.0,82.6
2008-09-06T16:15:00,67.8,7.0,83.6,53.0,292.0,86.9
2008-09-07T17:45:00,72.4,9.0,91.8,60.0,69.0,88.1
2008-09-11T08:15:00,76.5,10.0,82.8,88.0,116.0,80.5
2008-08-31T07:45:00,77.0,13.0,81.5,86.0,106.0,81.5
2008-09-12T11:30:00,73.8,6.0,82.9,90.0,94.0,77.0
2008-09-04T09:45:00,73.7,5.0,83.3,85.0,62.0,78.6
2008-09-05T08:15:00,71.4,14.0,81.6,88.0,296.0,75.2
2008-09-07T19:45:00,71.7,11.0,94.8,56.0,56.0,89.7
2008-09-07T16:15:00,72.9,9.0,87.4,62.0,63.0,87.5
2008-08-31T04:30:00,75.4,10.0,82.1,85.0,87.0,80.3
2008-09-01T22:00:00,74.4,17.0,92.3,62.0,68.0,89.1
2008-09-03T21:00:00,73.0,14.0,93.6,58.0,69.0,89.8
2008-09-05T18:30:00,74.0,13.0,81.5,70.0,261.0,85.1
2008-09-13T20:45:00,73.0,10.0,93.3,57.0,95.0,90.5
2008-09-11T12:30:00,76.4,6.0,81.9,88.0,96.0,80.3
2008-09-10T04:00:00,76.4,10.0,83.9,84.0,101.0,81.7
2008-09-09T03:15:00,75.4,13.0,86.0,80.0,74.0,82.2
2008-09-09T10:15:00,75.5,15.0,82.8,82.0,78.0,81.6
2008-09-05T21:30:00,70.0,15.0,83.9,55.0,264.0,88.3
2008-09-10T11:45:00,76.5,10.0,82.2,85.0,108.0,81.3
2008-09-13T16:00:00,73.7,10.0,87.3,62.0,113.0,88.2
2008-09-09T13:00:00,75.6,18.0,82.4,80.0,81.0,82.4
2008-09-03T14:15:00,76.4,12.0,83.5,76.0,66.0,84.8
2008-09-06T04:00:00,69.5,6.0,79.7,88.0,205.0,73.3
2008-09-03T00:15:00,74.3,11.0,90.8,73.0,74.0,83.7
2008-09-14T02:15:00,73.4,5.0,89.1,83.0,100.0,79.0
2008-09-06T21:45:00,69.9,9.0,93.0,54.0,80.0,88.8
2008-09-06T04:45:00,69.8,5.0,79.3,88.0,217.0,73.4
2008-09-09T04:15:00,75.6,13.0,85.2,81.0,82.0,82.1
2008-09-08T18:45:00,75.4,18.0,92.9,63.0,96.0,89.6
2008-09-05T13:00:00,71.5,17.0,78.6,90.0,276.0,74.5
2008-09-10T10:00:00,76.4,13.0,82.4,85.0,110.0,81.5
2008-09-06T06:30:00,69.1,6.0,78.5,89.0,227.0,72.5
2008-09-02T07:15:00,76.2,8.0,84.0,84.0,65.0,81.5
2008-09-01T06:45:00,76.7,5.0,81.5,88.0,90.0,80.6
2008-09-11T02:15:00,76.5,10.0,84.9,86.0,113.0,81.3
2008-09-11T07:45:00,76.5,10.0,82.9,88.0,117.0,80.6
2008-09-12T09:45:00,74.1,3.0,83.6,89.0,108.0,77.7
2008-09-04T06:45:00,73.7,5.0,84.6,86.0,55.0,78.4
2008-09-03T02:45:00,75.3,9.0,87.6,80.0,67.0,82.0
2008-09-06T10:15:00,66.7,2.0,76.8,91.0,181.0,69.6
2008-09-09T15:45:00,76.2,21.0,85.5,71.0,94.0,86.8
2008-09-01T16:00:00,77.0,13.0,85.0,69.0,80.0,88.6
2008-09-11T06:30:00,76.7,12.0,83.3,87.0,114.0,80.9
2008-09-13T05:15:00,72.8,3.0,86.1,89.0,98.0,76.3
2008-09-03T01:30:00,75.4,12.0,89.0,79.0,72.0,82.8
2008-08-31T22:45:00,76.3,12.0,85.3,72.0,123.0,86.3
2008-09-01T02:30:00,76.7,7.0,82.9,86.0,108.0,81.1
2008-09-11T09:30:00,76.2,7.0,82.5,89.0,117.0,79.8
2008-09-06T02:15:00,70.2,6.0,80.9,84.0,261.0,75.5
2008-09-07T21:45:00,69.2,12.0,95.5,52.0,56.0,88.9
2008-09-06T12:00:00,68.9,2.0,76.2,89.0,202.0,72.4
2008-08-31T16:00:00,77.6,15.0,80.8,88.0,104.0,81.5
2008-09-05T18:00:00,74.5,14.0,80.9,72.0,262.0,84.5
2008-09-07T03:15:00,72.1,6.0,85.6,83.0,129.0,77.5
2008-09-10T00:45:00,76.3,15.0,85.6,81.0,106.0,82.8
2008-09-03T07:15:00,74.5,6.0,84.5,85.0,74.0,79.3
2008-09-04T23:45:00,71.0,13.0,88.1,71.0,11.0,81.3
2008-09-08T14:30:00,76.3,18.0,84.8,73.0,77.0,86.2
2008-09-12T02:15:00,74.2,10.0,88.2,84.0,116.0,79.2
2008-09-10T18:30:00,76.7,20.0,86.8,70.0,131.0,87.5
2008-09-02T17:30:00,76.2,12.0,90.2,65.0,68.0,89.4
2008-09-09T14:45:00,76.8,20.0,84.0,76.0,89.0,85.3
2008-09-11T18:30:00,74.3,17.0,91.0,58.0,152.0,91.4
2008-09-08T20:15:00,74.8,20.0,93.8,61.0,86.0,89.9
2008-09-03T23:30:00,73.8,7.0,92.1,70.0,55.0,84.5
2008-09-01T13:15:00,77.8,8.0,80.6,81.0,93.0,84.4
2008-09-04T19:15:00,70.0,15.0,91.4,58.0,34.0,86.6
2008-09-03T04:45:00,74.9,9.0,86.0,82.0,70.0,81.1
2008-09-08T12:30:00,76.7,12.0,83.2,81.0,73.0,83.2
2008-09-11T15:00:00,76.6,16.0,84.0,70.0,143.0,87.5
2008-09-06T06:00:00,69.5,5.0,78.7,89.0,232.0,72.9
2008-08-31T04:45:00,75.7,10.0,82.0,86.0,86.0,80.4
2008-09-02T11:00:00,76.2,7.0,82.8,85.0,59.0,81.0
2008-09-08T20:45:00,74.5,20.0,94.1,62.0,79.0,89.5
2008-09-11T12:45:00,76.7,8.0,82.0,88.0,117.0,80.8
2008-09-09T12:15:00,75.6,14.0,82.3,80.0,86.0,82.3
2008-09-05T00:00:00,70.8,13.0,87.8,71.0,15.0,81.1
2008-08-31T08:00:00,77.0,13.0,81.5,88.0,105.0,81.0
2008-09-05T21:45:00,69.1,15.0,83.9,54.0,264.0,88.0
2008-09-04T21:00:00,70.1,15.0,90.9,61.0,33.0,84.9
2008-09-11T01:00:00,76.1,11.0,85.7,83.0,110.0,81.9
2008-09-13T03:00:00,72.6,7.0,88.0,86.0,109.0,77.1
2008-09-13T00:00:00,72.2,9.0,91.8,74.0,107.0,81.3
2008-09-07T23:15:00,72.2,7.0,93.8,66.0,39.0,85.0
2008-09-03T07:30:00,74.7,5.0,84.4,85.0,71.0,79.5
2008-09-03T05:45:00,74.6,9.0,85.3,81.0,72.0,80.9
2008-09-11T15:30:00,76.0,15.0,84.7,67.0,134.0,88.3
2008-09-03T08:30:00,74.2,6.0,83.9,85.0,68.0,79.0
2008-09-06T15:15:00,68.9,5.0,80.8,58.0,309.0,85.3
2008-08-31T10:45:00,75.7,9.0,80.8,87.0,90.0,79.7
2008-09-05T09:15:00,71.5,14.0,81.0,89.0,295.0,75.1
2008-09-13T01:15:00,71.3,5.0,90.0,79.0,117.0,78.3
2008-09-11T14:30:00,77.5,16.0,83.3,76.0,138.0,86.0
2008-09-05T08:00:00,71.4,13.0,81.8,88.0,300.0,75.1
2008-09-13T20:30:00,72.0,12.0,93.2,57.0,89.0,89.6
2008-09-13T20:15:00,71.5,12.0,93.0,52.0,67.0,91.7
2008-09-04T15:00:00,72.7,14.0,83.9,67.0,46.0,85.2
2008-09-12T05:15:00,75.6,8.0,85.8,88.0,103.0,79.5
2008-09-03T14:45:00,76.7,12.0,84.0,73.0,67.0,86.5
2008-09-07T07:00:00,71.8,5.0,82.5,90.0,7.0,74.8
2008-09-05T19:30:00,72.2,17.0,82.6,60.0,263.0,87.7
2008-09-05T12:15:00,71.1,15.0,78.8,89.0,265.0,74.5
2008-09-01T20:45:00,75.7,16.0,92.2,62.0,63.0,90.3
2008-09-08T19:45:00,74.5,19.0,93.6,62.0,82.0,89.4
2008-09-07T13:00:00,76.5,3.0,80.4,84.0,47.0,81.8
2008-09-01T04:15:00,77.1,6.0,82.2,88.0,93.0,81.0
2008-09-01T06:00:00,76.7,7.0,81.7,87.0,98.0,80.9
2008-09-03T05:15:00,75.0,7.0,85.7,82.0,75.0,81.0
2008-09-02T15:15:00,76.7,14.0,85.5,70.0,72.0,87.8
2008-09-09T19:15:00,75.1,23.0,88.2,66.0,109.0,87.7
2008-09-04T01:45:00,73.8,5.0,88.7,80.0,82.0,80.8
2008-09-08T18:00:00,74.9,19.0,91.8,63.0,90.0,89.0
2008-09-11T00:30:00,75.9,10.0,86.0,82.0,109.0,81.9
2008-09-04T06:00:00,73.9,7.0,85.0,83.0,76.0,79.7
2008-09-11T21:15:00,74.4,16.0,93.3,62.0,132.0,89.4
2008-09-02T17:45:00,76.2,13.0,90.6,66.0,59.0,89.2
2008-09-12T14:15:00,76.0,12.0,83.8,74.0,127.0,85.5
2008-09-02T05:30:00,76.3,9.0,84.8,84.0,65.0,81.8
2008-09-01T16:30:00,77.1,11.0,86.0,68.0,66.0,89.0
2008-09-11T07:30:00,76.6,12.0,83.0,88.0,117.0,80.7
2008-09-06T19:00:00,65.0,4.0,91.1,43.0,279.0,90.7
2008-09-03T04:30:00,75.3,8.0,86.2,83.0,70.0,81.1
2008-09-07T02:00:00,71.7,6.0,87.0,76.0,106.0,79.8
2008-09-02T20:30:00,75.0,17.0,93.2,63.0,62.0,89.4
2008-09-09T01:00:00,76.0,13.0,88.4,80.0,75.0,82.7
2008-09-08T08:00:00,76.3,8.0,84.9,87.0,69.0,80.4
2008-09-10T18:45:00,76.6,20.0,87.0,70.0,131.0,87.4
2008-09-12T09:30:00,74.2,4.0,83.7,89.0,93.0,77.9
2008-08-31T23:30:00,77.1,9.0,84.9,78.0,111.0,84.6
2008-09-10T20:30:00,76.3,19.0,87.5,71.0,135.0,86.9
2008-09-06T18:30:00,64.6,3.0,90.1,42.0,243.0,90.9
2008-09-03T18:15:00,75.1,10.0,91.2,62.0,63.0,90.0
2008-09-07T04:15:00,72.1,6.0,84.6,87.0,139.0,76.2
2008-08-31T07:00:00,76.6,11.0,81.5,85.0,100.0,81.6
2008-09-07T10:45:00,70.3,1.0,80.8,90.0,23.0,73.3
2008-09-02T03:45:00,76.1,10.0,85.8,83.0,58.0,81.9
2008-09-04T11:00:00,73.2,6.0,82.8,86.0,27.0,77.9
2008-09-06T11:45:00,67.7,2.0,76.3,90.0,210.0,70.8
2008-08-31T17:30:00,78.4,21.0,82.7,78.0,114.0,86.0
2008-09-07T12:00:00,73.1,2.0,80.3,90.0,10.0,76.3
2008-09-02T11:15:00,76.0,7.0,82.7,85.0,59.0,81.0
2008-09-07T14:15:00,76.0,6.0,81.8,75.0,77.0,84.9
2008-09-06T19:45:00,66.6,7.0,91.5,46.0,124.0,90.5
2008-09-05T14:00:00,71.6,14.0,78.2,90.0,273.0,74.8
2008-09-01T08:30:00,75.9,5.0,81.1,89.0,92.0,79.5
2008-09-09T11:00:00,74.6,15.0,82.6,80.0,85.0,81.2
2008-09-05T04:00:00,70.8,8.0,84.4,78.0,333.0,78.2
2008-09-02T13:00:00,77.3,10.0,82.6,78.0,55.0,85.1
2008-09-06T22:15:00,69.7,8.0,92.7,55.0,94.0,88.2
2008-09-01T23:45:00,74.7,12.0,90.4,72.0,68.0,84.6
2008-08-31T17:00:00,78.1,18.0,81.7,82.0,107.0,84.1
2008-09-12T23:15:00,73.2,9.0,92.8,70.0,116.0,84.2
2008-09-12T09:15:00,74.3,4.0,83.8,89.0,84.0,77.9
2008-09-06T14:45:00,70.0,5.0,79.5,61.0,257.0,84.7
2008-09-02T10:30:00,76.1,8.0,82.9,85.0,52.0,81.0
2008-09-04T17:15:00,70.4,15.0,88.1,57.0,24.0,87.3
2008-09-07T20:00:00,72.1,10.0,95.0,56.0,52.0,89.9
2008-09-08T01:00:00,74.3,9.0,90.8,76.0,73.0,82.5
2008-09-09T08:45:00,75.6,13.0,83.2,81.0,71.0,81.9
2008-08-31T08:45:00,73.9,17.0,81.4,83.0,116.0,79.6
2008-09-05T11:45:00,70.9,15.0,79.0,89.0,276.0,74.2
2008-09-06T17:30:00,67.5,3.0,87.3,49.0,299.0,89.3
2008-09-10T14:30:00,77.8,17.0,83.0,78.0,120.0,85.5
2008-09-05T08:30:00,71.5,14.0,81.5,88.0,294.0,75.2
2008-09-03T16:45:00,75.0,10.0,87.6,64.0,75.0,88.8
2008-09-01T18:15:00,75.3,14.0,90.1,60.0,61.0,91.1
2008-09-07T05:30:00,71.1,3.0,83.5,89.0,300.0,74.6
2008-09-07T21:15:00,70.6,13.0,95.6,54.0,58.0,89.2
2008-09-06T21:15:00,70.0,7.0,93.0,53.0,67.0,89.6
2008-09-10T21:30:00,76.8,16.0,87.5,74.0,137.0,86.0
2008-09-12T16:00:00,74.8,11.0,86.9,64.0,124.0,88.3
2008-09-12T05:30:00,75.6,9.0,85.7,88.0,107.0,79.6
2008-09-06T01:30:00,70.7,7.0,81.5,82.0,234.0,76.8
2008-09-08T08:45:00,76.3,8.0,84.5,86.0,70.0,80.8
2008-09-12T17:15:00,73.9,13.0,90.0,60.0,120.0,89.7
2008-09-06T20:00:00,70.7,7.0,91.8,54.0,85.0,89.5
2008-09-11T21:00:00,74.1,16.0,93.2,61.0,132.0,89.6
2008-09-07T13:30:00,76.5,5.0,80.8,81.0,69.0,83.1
2008-09-08T05:45:00,76.5,7.0,86.0,87.0,60.0,80.6
2008-08-31T12:15:00,76.7,12.0,80.7,85.0,110.0,81.5
2008-09-05T23:15:00,72.5,7.0,83.3,68.0,268.0,84.2
2008-09-11T12:15:00,76.2,5.0,81.9,88.0,92.0,80.1
2008-09-07T06:30:00,71.6,3.0,82.8,90.0,325.0,74.8
2008-09-08T19:30:00,74.7,19.0,93.5,60.0,86.0,90.6
2008-09-04T12:45:00,75.5,8.0,82.3,87.0,18.0,79.7
2008-09-10T00:30:00,76.2,14.0,85.8,81.0,103.0,82.7
2008-09-04T03:30:00,74.4,6.0,86.8,84.0,70.0,79.6
2008-09-04T11:30:00,74.3,6.0,82.6,89.0,2.0,77.9
2008-09-13T11:15:00,74.1,6.0,83.0,89.0,86.0,77.7
2008-09-06T17:00:00,66.6,5.0,85.8,49.0,232.0,87.9
2008-09-06T01:00:00,71.1,6.0,81.9,78.0,235.0,78.4
2008-09-09T23:15:00,76.0,15.0,86.8,78.0,103.0,83.6
2008-09-06T06:15:00,69.4,5.0,78.6,89.0,232.0,72.8
2008-09-05T22:30:00,70.6,13.0,83.8,61.0,262.0,85.5
2008-09-05T10:15:00,71.5,12.0,80.3,89.0,280.0,74.9
2008-09-04T05:45:00,74.0,6.0,85.2,83.0,77.0,79.6
2008-09-13T04:30:00,72.9,3.0,86.7,89.0,96.0,76.5
2008-09-12T23:30:00,73.3,7.0,92.5,72.0,113.0,83.4
2008-09-03T09:45:00,75.3,8.0,83.3,84.0,74.0,80.6
2008-09-04T07:00:00,73.9,4.0,84.4,86.0,57.0,78.4
2008-09-11T14:45:00,76.6,17.0,83.6,72.0,143.0,86.5
2008-09-02T04:15:00,76.3,9.0,85.5,83.0,59.0,81.8
2008-09-10T12:00:00,76.6,10.0,82.2,86.0,109.0,81.3
2008-09-07T14:30:00,75.3,6.0,82.4,71.0,70.0,85.9
2008-09-03T06:15:00,74.2,7.0,85.0,83.0,71.0,80.0
2008-09-10T10:15:00,76.4,13.0,82.4,85.0,108.0,81.5
2008-09-13T15:30:00,73.3,10.0,86.2,63.0,117.0,87.2
2008-09-11T04:15:00,76.9,12.0,84.0,87.0,122.0,81.2
2008-09-12T21:45:00,72.8,15.0,93.9,59.0,122.0,89.1
2008-09-08T16:00:00,75.6,19.0,87.3,65.0,79.0,89.0
2008-09-13T03:30:00,72.7,6.0,87.5,87.0,113.0,76.8
2008-09-05T17:30:00,75.3,13.0,80.0,77.0,255.0,83.2
2008-09-01T13:45:00,77.3,11.0,81.0,76.0,98.0,86.0
2008-09-13T10:15:00,74.1,5.0,83.4,89.0,86.0,77.6
2008-09-10T12:30:00,76.7,12.0,82.1,84.0,103.0,81.9
2008-09-05T18:45:00,73.7,16.0,81.8,66.0,263.0,86.5
2008-09-10T01:30:00,76.4,15.0,85.1,82.0,107.0,82.5
2008-09-05T05:15:00,71.5,8.0,83.7,83.0,334.0,77.0
2008-09-06T05:30:00,69.7,6.0,78.9,89.0,218.0,73.1
2008-09-11T08:30:00,76.4,9.0,82.7,88.0,113.0,80.3
2008-09-13T23:00:00,73.6,9.0,92.7,64.0,74.0,87.5
2008-09-07T10:00:00,71.3,1.0,81.1,91.0,99.0,74.3
2008-09-02T18:15:00,75.8,17.0,91.2,65.0,68.0,89.0
2008-09-06T15:00:00,69.5,5.0,80.2,60.0,285.0,84.9
2008-09-09T03:45:00,75.6,12.0,85.6,81.0,78.0,81.9
2008-08-31T06:30:00,76.4,13.0,81.6,84.0,103.0,81.6
2008-09-01T07:45:00,76.1,6.0,81.3,87.0,92.0,80.2
2008-09-12T01:15:00,73.9,9.0,89.3,80.0,117.0,80.5
2008-09-01T07:00:00,76.7,6.0,81.5,88.0,100.0,80.7
2008-09-10T07:15:00,76.4,13.0,82.9,84.0,105.0,81.8
2008-09-01T11:30:00,75.3,3.0,80.3,90.0,96.0,78.5
2008-09-03T14:30:00,76.7,11.0,83.8,75.0,73.0,85.6
2008-08-31T16:15:00,77.8,17.0,80.9,86.0,106.0,82.3
2008-09-06T00:30:00,71.2,7.0,82.3,75.0,246.0,79.9
2008-09-10T23:30:00,76.3,12.0,86.7,79.0,122.0,83.5
2008-09-11T11:00:00,75.9,10.0,82.2,88.0,126.0,79.8
2008-09-12T23:00:00,73.3,10.0,93.1,69.0,114.0,84.7
2008-09-05T03:00:00,71.3,11.0,85.0,78.0,357.0,78.7
2008-09-01T05:15:00,76.9,7.0,81.9,87.0,101.0,81.2
2008-09-09T16:15:00,76.0,21.0,86.0,67.0,101.0,88.7
2008-09-09T09:45:00,75.5,14.0,82.9,81.0,81.0,81.8
2008-09-02T21:15:00,74.2,18.0,93.6,62.0,71.0,88.7
2008-09-09T06:15:00,75.3,14.0,84.1,80.0,80.0,82.2
2008-09-08T12:15:00,76.4,13.0,83.2,82.0,73.0,82.5
2008-09-08T10:45:00,75.9,9.0,83.7,86.0,76.0,80.6
2008-09-13T17:00:00,72.6,9.0,89.7,59.0,105.0,89.0
2008-09-01T07:15:00,76.5,7.0,81.4,87.0,94.0,80.6
2008-09-01T17:30:00,74.9,14.0,88.1,60.0,71.0,90.7
2008-09-04T01:15:00,73.9,5.0,89.3,79.0,89.0,81.0
2008-09-12T07:00:00,75.2,7.0,84.8,88.0,104.0,79.0
2008-09-02T23:45:00,74.0,11.0,91.5,72.0,73.0,84.0
2008-09-11T08:00:00,76.6,10.0,82.9,88.0,119.0,80.5
2008-08-31T07:15:00,76.7,12.0,81.5,85.0,94.0,81.6
2008-08-31T11:45:00,76.8,11.0,80.7,86.0,102.0,81.4
2008-09-07T02:30:00,72.1,4.0,86.4,80.0,124.0,78.8
2008-09-10T16:45:00,77.5,19.0,84.8,72.0,138.0,87.5
2008-09-01T12:30:00,77.0,3.0,80.3,86.0,82.0,81.5
2008-09-02T09:15:00,76.5,9.0,83.2,84.0,64.0,81.7
2008-09-08T07:30:00,76.4,7.0,85.1,88.0,67.0,80.2
2008-09-03T05:00:00,74.8,8.0,85.8,81.0,73.0,81.1
2008-09-13T12:15:00,75.2,5.0,82.8,85.0,98.0,80.0
2008-09-08T04:00:00,75.9,8.0,87.3,85.0,63.0,80.8
2008-09-05T17:15:00,75.5,13.0,79.6,78.0,259.0,83.2
2008-09-08T09:30:00,76.1,8.0,84.2,87.0,61.0,80.2
2008-09-07T00:45:00,72.1,5.0,88.8,76.0,107.0,80.2
2008-09-12T06:00:00,75.5,8.0,85.4,88.0,110.0,79.4
2008-09-10T20:45:00,76.2,19.0,87.5,71.0,136.0,86.7
2008-09-08T22:45:00,73.3,10.0,92.8,83.0,85.0,79.1
2008-09-03T13:00:00,77.0,9.0,82.5,81.0,62.0,83.6
2008-09-04T10:45:00,73.1,5.0,82.9,85.0,43.0,77.9
2008-09-02T05:15:00,76.4,8.0,84.9,84.0,63.0,81.7
2008-09-02T00:00:00,75.2,11.0,90.0,75.0,65.0,84.1
2008-08-31T14:30:00,77.0,11.0,80.8,87.0,103.0,81.2
2008-09-03T22:00:00,73.1,12.0,93.7,60.0,69.0,88.8
2008-09-08T05:00:00,76.2,7.0,86.5,87.0,52.0,80.3
2008-09-02T17:00:00,77.7,9.0,89.5,76.0,83.0,86.1
2008-09-10T11:15:00,76.4,11.0,82.2,85.0,111.0,81.3
2008-09-03T10:15:00,75.2,6.0,83.2,85.0,75.0,80.2
2008-09-12T02:30:00,74.3,9.0,87.9,85.0,116.0,79.1
2008-09-12T22:30:00,73.1,12.0,93.6,62.0,121.0,88.0
2008-09-12T04:15:00,75.2,7.0,86.5,88.0,108.0,79.0
2008-09-05T20:15:00,71.2,15.0,83.5,60.0,248.0,87.0
2008-09-11T05:15:00,77.2,12.0,83.7,88.0,115.0,81.0
2008-09-14T00:15:00,72.6,6.0,91.3,73.0,99.0,82.0
2008-09-03T19:00:00,74.7,11.0,92.5,61.0,54.0,90.2
2008-09-04T01:30:00,74.0,5.0,89.0,80.0,84.0,80.7
2008-09-03T10:30:00,75.2,6.0,83.1,86.0,67.0,79.9
2008-09-03T14:00:00,76.5,11.0,83.2,75.0,74.0,85.2
2008-09-09T09:30:00,75.6,15.0,83.0,81.0,73.0,81.9
2008-09-09T15:30:00,76.8,19.0,85.2,72.0,92.0,86.7
2008-09-05T02:30:00,71.3,10.0,85.4,77.0,344.0,79.1
2008-09-04T22:30:00,70.3,13.0,89.5,66.0,17.0,83.0
2008-09-13T12:45:00,75.8,8.0,82.7,83.0,104.0,81.5
2008-09-13T14:00:00,75.8,11.0,83.5,74.0,111.0,84.9
2008-09-08T02:30:00,75.1,10.0,88.8,81.0,71.0,81.6
2008-09-07T19:15:00,71.2,10.0,94.7,55.0,76.0,89.4
2008-09-11T19:30:00,72.8,17.0,92.2,55.0,152.0,91.5
2008-09-03T04:15:00,75.4,8.0,86.4,84.0,70.0,80.8
2008-09-03T19:15:00,74.2,10.0,92.6,59.0,51.0,90.8
2008-09-09T15:00:00,77.4,18.0,84.4,75.0,87.0,86.2
2008-09-06T12:30:00,71.1,1.0,76.2,82.0,274.0,77.0
2008-09-09T11:45:00,75.3,16.0,82.4,82.0,88.0,81.5
2008-09-03T19:30:00,74.3,11.0,92.7,60.0,47.0,90.3
2008-09-02T04:00:00,76.2,9.0,85.6,83.0,61.0,81.9
2008-09-04T19:00:00,69.9,15.0,91.4,57.0,41.0,86.9
2008-09-14T01:00:00,72.7,7.0,90.4,77.0,93.0,80.8
2008-09-09T18:15:00,76.5,18.0,87.9,75.0,95.0,85.5
2008-09-11T23:15:00,74.9,10.0,91.9,71.0,124.0,85.2
2008-09-13T11:30:00,74.1,5.0,83.0,88.0,92.0,77.8
2008-09-05T10:30:00,71.3,16.0,80.0,90.0,271.0,74.5
2008-09-05T01:30:00,71.4,10.0,86.2,76.0,356.0,79.6
2008-09-09T08:15:00,75.6,13.0,83.3,82.0,74.0,81.8
2008-09-12T14:45:00,75.8,14.0,84.5,70.0,123.0,86.8
2008-08-31T16:30:00,77.5,17.0,81.1,86.0,103.0,82.2
2008-09-10T22:30:00,76.7,15.0,87.2,76.0,127.0,85.1
2008-09-02T21:30:00,75.3,17.0,93.6,67.0,64.0,87.5
2008-09-01T13:30:00,77.5,10.0,80.8,77.0,89.0,85.3
2008-09-02T00:45:00,74.7,13.0,88.9,74.0,71.0,84.0
2008-09-07T12:45:00,75.7,3.0,80.3,84.0,65.0,81.0
2008-09-06T19:15:00,64.9,5.0,91.2,43.0,259.0,90.9
2008-09-04T19:45:00,69.4,15.0,91.3,58.0,46.0,85.9
2008-09-02T00:15:00,75.0,13.0,89.6,74.0,66.0,84.1
2008-08-31T23:45:00,77.1,8.0,84.7,80.0,112.0,83.9
2008-09-06T07:45:00,68.4,5.0,77.9,90.0,222.0,71.7
2008-09-09T00:30:00,76.4,11.0,89.2,83.0,71.0,82.2
2008-09-08T15:15:00,75.5,16.0,86.0,67.0,81.0,87.8
2008-09-12T02:45:00,74.3,8.0,87.7,86.0,107.0,78.8
2008-09-03T18:30:00,74.8,11.0,91.7,60.0,63.0,90.5
2008-09-01T18:00:00,75.6,12.0,89.5,61.0,69.0,91.0
2008-09-13T18:00:00,73.9,10.0,91.4,59.0,98.0,90.2
2008-09-03T06:30:00,74.1,6.0,84.9,84.0,66.0,79.6
2008-09-12T06:45:00,75.4,8.0,85.0,88.0,103.0,79.1
2008-09-05T20:00:00,72.0,16.0,83.2,60.0,254.0,87.9
2008-09-05T05:45:00,71.6,10.0,83.3,84.0,326.0,76.9
2008-09-07T08:30:00,71.8,2.0,81.7,91.0,27.0,74.8
2008-09-08T14:00:00,76.3,17.0,84.0,73.0,77.0,85.9
2008-09-13T10:30:00,74.0,6.0,83.3,89.0,88.0,77.5
2008-08-31T12:00:00,76.7,13.0,80.7,86.0,107.0,81.5
2008-09-04T17:30:00,70.5,15.0,88.7,58.0,30.0,87.3
2008-09-02T19:45:00,74.7,16.0,92.3,61.0,62.0,89.9
2008-09-13T08:45:00,73.1,3.0,84.0,91.0,79.0,75.9
2008-09-07T05:00:00,71.5,5.0,83.9,89.0,156.0,75.1
2008-09-09T02:30:00,75.8,14.0,86.6,79.0,83.0,82.8
2008-09-07T23:45:00,73.2,6.0,92.9,72.0,62.0,83.0
2008-09-08T11:15:00,75.8,9.0,83.5,85.0,79.0,80.8
2008-09-03T12:15:00,76.3,7.0,82.4,86.0,62.0,81.1
2008-09-01T02:45:00,76.7,6.0,82.8,87.0,103.0,81.0
2008-09-08T03:00:00,75.5,10.0,88.2,83.0,67.0,81.2
2008-09-10T16:00:00,77.7,17.0,84.3,77.0,120.0,85.8
2008-09-06T06:45:00,68.8,6.0,78.4,89.0,223.0,72.1
2008-09-13T07:00:00,72.6,2.0,84.9,91.0,65.0,75.5
2008-08-31T06:15:00,76.2,13.0,81.6,84.0,97.0,81.3
2008-09-03T09:00:00,74.5,7.0,83.6,86.0,62.0,79.1
2008-09-11T16:45:00,74.4,17.0,87.2,59.0,153.0,90.8
2008-09-02T14:45:00,76.4,16.0,84.6,71.0,70.0,87.0
2008-09-06T12:45:00,71.6,2.0,76.3,81.0,243.0,78.0
2008-09-02T12:00:00,76.7,7.0,82.5,84.0,56.0,81.9
2008-09-04T02:15:00,74.0,4.0,88.1,82.0,69.0,80.1
2008-09-09T13:15:00,75.9,17.0,82.5,81.0,80.0,82.4
2008-09-06T22:00:00,69.5,8.0,92.9,53.0,74.0,88.7
2008-09-11T18:00:00,74.7,17.0,90.1,59.0,152.0,91.1
2008-08-31T12:30:00,76.7,11.0,80.7,86.0,109.0,81.4
2008-09-08T23:15:00,75.1,7.0,91.6,85.0,61.0,80.1
2008-09-02T02:15:00,75.8,9.0,87.1,80.0,61.0,82.5
2008-09-01T10:30:00,75.4,4.0,80.6,89.0,106.0,78.8
2008-08-31T05:15:00,76.0,13.0,81.8,85.0,95.0,80.8
2008-08-31T21:30:00,76.2,18.0,85.7,68.0,124.0,88.0
2008-09-10T15:00:00,77.4,18.0,83.5,76.0,130.0,85.9
2008-09-07T20:45:00,71.1,12.0,95.5,55.0,66.0,89.6
2008-09-05T12:30:00,71.3,16.0,78.8,89.0,270.0,74.6
2008-09-03T10:00:00,75.2,7.0,83.3,84.0,78.0,80.3
2008-09-09T02:00:00,76.1,13.0,87.1,81.0,76.0,82.5
2008-09-04T20:30:00,70.2,16.0,91.0,59.0,41.0,86.0
2008-09-14T03:15:00,73.4,4.0,88.1,86.0,112.0,78.0
2008-09-13T01:45:00,71.7,6.0,89.3,81.0,116.0,78.0
2008-09-06T19:30:00,64.9,4.0,91.3,42.0,194.0,91.1
2008-09-12T00:30:00,73.9,9.0,90.2,78.0,119.0,81.6
2008-09-07T19:30:00,72.0,11.0,94.7,56.0,52.0,89.6
2008-09-05T15:30:00,72.5,12.0,78.3,87.0,301.0,76.5
2008-09-08T03:45:00,75.8,8.0,87.5,86.0,61.0,80.5
2008-09-01T11:45:00,75.5,2.0,80.3,89.0,55.0,79.0
2008-09-12T18:30:00,74.4,16.0,91.6,61.0,137.0,89.8
2008-09-09T13:30:00,76.3,16.0,82.6,79.0,84.0,83.5
2008-09-06T07:00:00,68.6,6.0,78.3,90.0,232.0,71.8
2008-09-01T14:15:00,77.1,12.0,81.8,73.0,95.0,86.8
2008-09-10T16:15:00,77.5,18.0,84.5,76.0,126.0,86.2
2008-09-01T01:15:00,76.5,8.0,83.7,84.0,104.0,81.9
2008-09-06T15:45:00,67.4,6.0,82.2,54.0,246.0,86.0
2008-09-12T08:30:00,74.7,5.0,84.1,89.0,81.0,78.3
2008-09-13T01:00:00,71.2,6.0,90.3,78.0,112.0,78.7
2008-09-05T04:45:00,70.9,10.0,84.0,78.0,329.0,78.3
2008-09-12T16:45:00,75.0,13.0,88.6,61.0,120.0,90.4
2008-09-01T09:30:00,75.6,4.0,80.8,89.0,87.0,79.1
2008-09-03T01:45:00,75.0,12.0,88.7,78.0,78.0,82.7
2008-09-04T15:15:00,71.7,15.0,84.2,64.0,36.0,85.2
2008-09-02T19:30:00,75.1,16.0,92.0,61.0,59.0,90.4
2008-09-13T21:45:00,72.9,5.0,93.4,57.0,88.0,90.1
2008-09-09T05:30:00,75.4,12.0,84.5,80.0,76.0,82.0
2008-09-11T21:45:00,74.1,18.0,93.2,61.0,141.0,89.6
2008-09-08T04:15:00,75.9,7.0,87.1,86.0,52.0,80.4
2008-09-07T05:15:00,71.8,2.0,83.7,89.0,158.0,75.3
2008-09-12T13:45:00,76.1,12.0,83.1,77.0,128.0,84.3
2008-09-09T23:30:00,76.1,16.0,86.6,78.0,105.0,83.6
2008-09-02T05:00:00,76.5,8.0,85.0,84.0,60.0,81.8
2008-09-07T14:45:00,75.5,6.0,83.0,70.0,53.0,86.4
2008-09-04T10:15:00,73.0,5.0,83.1,84.0,53.0,78.1
2008-09-12T14:30:00,75.9,11.0,84.2,73.0,130.0,85.7
2008-09-03T21:45:00,73.9,12.0,93.8,61.0,60.0,89.4
2008-09-02T00:30:00,75.2,13.0,89.3,75.0,66.0,84.1
2008-09-13T21:15:00,74.0,7.0,93.5,67.0,164.0,86.4
2008-09-01T04:00:00,77.0,5.0,82.3,88.0,98.0,81.0
2008-09-13T12:00:00,74.5,5.0,82.8,87.0,89.0,78.7
2008-09-10T00:00:00,76.1,14.0,86.2,80.0,105.0,83.0
2008-09-03T00:00:00,74.5,11.0,91.2,74.0,75.0,83.9
2008-09-05T17:00:00,75.1,13.0,79.2,80.0,272.0,82.0
2008-09-03T20:00:00,74.4,12.0,93.1,61.0,56.0,89.7
2008-09-10T15:30:00,77.4,18.0,83.9,75.0,123.0,86.2
2008-09-02T11:45:00,76.5,7.0,82.6,85.0,50.0,81.4
2008-09-09T06:45:00,75.3,13.0,83.8,80.0,79.0,82.1
2008-09-12T22:00:00,73.1,12.0,93.9,62.0,117.0,88.0
2008-09-13T00:15:00,71.8,8.0,91.4,75.0,106.0,80.5
2008-09-02T22:00:00,73.8,15.0,93.5,65.0,68.0,87.2
2008-09-04T00:45:00,73.4,6.0,90.1,74.0,81.0,82.3
2008-09-02T20:15:00,76.5,16.0,92.9,66.0,52.0,89.7
2008-09-10T09:15:00,76.4,13.0,82.5,85.0,110.0,81.4
2008-09-05T11:15:00,71.0,16.0,79.3,90.0,270.0,74.2
2008-09-12T07:45:00,75.0,6.0,84.5,88.0,103.0,78.8
2008-09-08T02:15:00,74.9,11.0,89.1,80.0,70.0,81.5
2008-09-04T04:45:00,74.9,5.0,85.9,87.0,68.0,79.3
2008-09-11T01:15:00,76.3,11.0,85.5,84.0,109.0,81.8
2008-09-05T16:00:00,73.1,8.0,78.5,87.0,286.0,77.1
2008-08-31T08:15:00,77.0,13.0,81.5,88.0,114.0,81.0
2008-09-02T15:00:00,76.3,16.0,85.1,71.0,70.0,86.8
2008-09-09T05:00:00,75.5,14.0,84.7,80.0,78.0,82.2
2008-09-04T02:00:00,73.8,4.0,88.4,80.0,79.0,80.4
2008-09-02T23:00:00,74.7,11.0,92.5,69.0,72.0,85.9
2008-09-14T03:45:00,73.6,4.0,87.7,87.0,114.0,77.8
2008-09-13T08:30:00,73.0,3.0,84.1,91.0,86.0,75.8
2008-09-06T08:15:00,67.7,4.0,77.7,90.0,209.0,71.0
2008-09-10T23:45:00,76.3,10.0,86.6,80.0,122.0,83.0
2008-09-08T11:00:00,75.8,9.0,83.6,85.0,76.0,80.8
2008-08-31T19:00:00,77.1,23.0,85.0,69.0,118.0,88.4
2008-09-06T13:30:00,71.8,3.0,77.0,72.0,281.0,81.6
2008-09-09T16:45:00,77.1,20.0,86.8,74.0,102.0,86.4
2008-09-11T05:30:00,77.2,12.0,83.6,88.0,122.0,81.2
2008-09-06T05:15:00,69.6,6.0,79.0,89.0,208.0,73.2
2008-09-05T11:00:00,71.0,16.0,79.5,89.0,272.0,74.4
2008-09-01T01:45:00,76.5,7.0,83.3,86.0,105.0,81.3
2008-09-12T00:45:00,73.9,9.0,89.9,79.0,118.0,81.1
2008-09-13T23:15:00,72.9,8.0,92.5,64.0,86.0,86.7
2008-09-05T02:00:00,71.5,10.0,85.8,77.0,353.0,79.2
2008-09-10T17:00:00,77.2,23.0,85.0,70.0,139.0,88.1
2008-09-03T22:30:00,73.3,10.0,93.3,62.0,64.0,87.8
2008-09-09T07:30:00,75.4,12.0,83.5,81.0,74.0,81.9
2008-09-09T13:45:00,76.5,18.0,82.7,78.0,81.0,84.2
2008-09-10T08:45:00,76.2,12.0,82.6,84.0,107.0,81.4
2008-09-07T23:30:00,73.2,7.0,93.4,70.0,48.0,84.1
2008-09-05T00:45:00,71.3,12.0,86.9,74.0,3.0,80.4
2008-09-08T21:15:00,75.4,18.0,94.2,65.0,73.0,88.8
2008-09-08T16:15:00,75.6,18.0,87.9,64.0,79.0,89.5
2008-09-08T23:00:00,74.1,6.0,92.2,84.0,71.0,79.5
2008-09-13T21:30:00,73.3,2.0,93.5,62.0,145.0,87.7
2008-09-10T17:45:00,76.9,21.0,86.0,69.0,132.0,88.2
2008-09-12T13:15:00,76.6,9.0,82.7,80.0,118.0,83.3
2008-09-09T22:15:00,76.5,15.0,87.5,78.0,104.0,84.2
2008-09-01T09:45:00,75.5,5.0,80.8,90.0,90.0,78.8
2008-09-07T09:30:00,71.4,3.0,81.3,90.0,46.0,74.4
2008-09-11T02:00:00,76.3,10.0,85.1,84.0,114.0,81.4
2008-09-08T06:15:00,76.6,7.0,85.8,88.0,60.0,80.6
2008-09-10T08:30:00,76.2,12.0,82.7,84.0,108.0,81.5
2008-09-04T02:45:00,74.3,4.0,87.5,83.0,63.0,79.8
2008-09-01T11:00:00,75.0,3.0,80.5,89.0,105.0,78.4
2008-09-07T10:15:00,71.1,1.0,81.0,90.0,93.0,74.2
2008-09-03T23:45:00,73.6,7.0,91.7,72.0,67.0,83.8
2008-09-13T00:45:00,71.1,7.0,90.7,76.0,107.0,79.3
2008-09-05T10:00:00,71.6,12.0,80.5,89.0,283.0,75.1
2008-08-31T10:00:00,74.1,10.0,81.0,86.0,101.0,78.6
2008-09-12T22:45:00,73.5,12.0,93.3,66.0,117.0,86.1
2008-09-04T11:45:00,73.7,8.0,82.6,85.0,40.0,78.6
2008-09-06T07:30:00,68.4,5.0,78.0,90.0,216.0,71.5
2008-09-04T20:00:00,69.7,16.0,91.1,57.0,48.0,86.5
2008-09-06T17:15:00,66.4,5.0,86.6,49.0,284.0,88.4
2008-09-13T03:15:00,72.6,6.0,87.8,87.0,111.0,76.8
2008-09-12T12:15:00,75.4,7.0,82.7,87.0,107.0,79.5
2008-09-05T02:15:00,71.5,10.0,85.6,78.0,347.0,79.1
2008-09-12T13:30:00,76.6,9.0,82.9,78.0,120.0,84.0
2008-09-10T19:00:00,76.8,17.0,87.2,71.0,133.0,87.5
2008-09-09T07:45:00,75.4,14.0,83.4,80.0,79.0,82.0
2008-09-07T03:00:00,72.0,6.0,85.9,81.0,131.0,78.3
2008-09-11T06:00:00,76.9,12.0,83.4,87.0,116.0,81.1
2008-09-01T21:00:00,76.1,15.0,92.4,64.0,63.0,90.1
2008-09-02T10:45:00,76.3,7.0,82.8,86.0,55.0,81.0
2008-09-09T17:00:00,78.4,15.0,87.3,76.0,100.0,86.8
2008-09-03T21:30:00,73.0,13.0,93.8,58.0,69.0,89.6
2008-08-31T19:15:00,76.1,26.0,85.2,68.0,116.0,87.8
2008-08-31T09:45:00,73.9,14.0,81.1,85.0,102.0,78.8
2008-09-04T16:15:00,70.1,12.0,86.0,58.0,41.0,86.5
2008-09-07T14:00:00,76.8,5.0,81.4,77.0,58.0,84.7
2008-09-04T05:00:00,74.7,6.0,85.7,86.0,65.0,79.1
2008-09-02T13:15:00,77.1,12.0,82.7,76.0,61.0,85.4
2008-09-09T22:30:00,76.2,16.0,87.3,77.0,108.0,84.3
2008-09-09T06:00:00,75.3,13.0,84.2,80.0,80.0,82.1
2008-09-13T15:00:00,74.2,10.0,85.1,68.0,101.0,86.2
2008-09-11T17:15:00,74.3,18.0,88.4,57.0,158.0,91.5
2008-09-09T12:30:00,75.6,18.0,82.3,80.0,83.0,82.5
2008-09-08T07:00:00,76.4,7.0,85.4,88.0,59.0,80.2
2008-09-08T05:30:00,76.3,7.0,86.2,87.0,57.0,80.5
2008-09-05T13:15:00,71.5,14.0,78.4,90.0,283.0,74.5
2008-09-07T06:15:00,71.5,5.0,83.0,90.0,315.0,74.6
2008-09-11T20:45:00,73.8,16.0,93.2,58.0,133.0,90.7
2008-09-10T02:00:00,76.1,14.0,84.8,82.0,110.0,82.2
2008-09-04T21:45:00,70.2,15.0,90.4,64.0,17.0,83.8
2008-09-02T20:00:00,74.5,17.0,92.6,61.0,63.0,89.8
2008-09-10T10:30:00,76.4,12.0,82.3,85.0,109.0,81.4
2008-08-31T18:30:00,77.5,24.0,84.5,72.0,115.0,87.5
2008-09-01T13:00:00,77.6,5.0,80.4,83.0,82.0,83.5
2008-09-07T03:30:00,72.3,6.0,85.3,84.0,129.0,77.3
2008-09-05T12:00:00,70.9,17.0,78.9,89.0,266.0,74.3
2008-09-04T04:30:00,74.7,6.0,86.0,87.0,60.0,79.0
2008-09-10T04:45:00,76.3,13.0,83.7,83.0,109.0,81.9
2008-09-06T09:45:00,66.5,4.0,77.0,90.0,187.0,69.5
2008-09-04T23:00:00,70.5,17.0,89.0,67.0,18.0,82.6
2008-09-03T18:45:00,74.6,11.0,92.2,60.0,44.0,90.3
2008-09-02T04:45:00,76.4,8.0,85.2,84.0,58.0,81.8
2008-09-05T09:00:00,71.5,14.0,81.2,88.0,290.0,75.1
2008-09-05T22:00:00,69.3,14.0,83.9,55.0,270.0,87.5
2008-08-31T05:30:00,75.9,13.0,81.8,85.0,95.0,80.9
2008-09-12T15:30:00,75.8,11.0,86.0,68.0,108.0,87.9
2008-08-31T13:15:00,76.7,10.0,80.8,87.0,103.0,81.0
2008-09-03T03:30:00,75.2,10.0,87.0,81.0,69.0,81.8
2008-09-07T11:15:00,70.7,2.0,80.6,91.0,8.0,73.6
2008-09-01T10:15:00,75.4,5.0,80.7,89.0,96.0,78.8
2008-09-09T14:15:00,76.1,21.0,83.3,75.0,91.0,85.0
2008-09-04T16:45:00,69.7,14.0,87.1,58.0,39.0,86.4
2008-09-06T22:30:00,69.7,8.0,92.5,55.0,86.0,87.8
2008-09-03T11:00:00,74.6,8.0,83.0,86.0,81.0,79.3
2008-09-12T11:15:00,73.9,6.0,83.0,90.0,98.0,77.0
2008-09-02T08:30:00,76.2,7.0,83.5,85.0,62.0,81.2
2008-09-07T15:45:00,72.8,7.0,86.0,63.0,44.0,86.9
2008-09-14T00:30:00,72.7,7.0,91.0,75.0,95.0,81.3
2008-09-08T11:45:00,76.0,9.0,83.3,84.0,68.0,81.2
2008-09-01T06:30:00,76.5,5.0,81.6,88.0,90.0,80.4
2008-09-05T16:15:00,73.6,8.0,78.6,86.0,281.0,78.1
2008-09-06T11:15:00,66.9,3.0,76.4,91.0,208.0,69.6
2008-09-01T20:00:00,76.1,16.0,91.8,63.0,57.0,90.3
2008-09-13T07:45:00,72.6,2.0,84.5,91.0,60.0,75.4
2008-09-14T01:15:00,72.9,6.0,90.1,79.0,95.0,79.9
2008-09-13T07:15:00,72.3,2.0,84.8,91.0,61.0,75.2
2008-09-04T18:15:00,71.9,14.0,90.5,59.0,44.0,87.9
2008-09-10T21:00:00,76.5,17.0,87.5,72.0,135.0,86.5
2008-09-08T17:45:00,75.0,19.0,91.3,61.0,84.0,90.5
2008-08-31T22:15:00,76.4,16.0,85.5,71.0,122.0,87.0
2008-09-06T04:30:00,69.7,5.0,79.4,88.0,213.0,73.4
2008-09-03T13:30:00,76.9,10.0,82.8,77.0,69.0,84.9
2008-09-12T11:00:00,73.5,7.0,83.1,90.0,97.0,76.5
2008-09-03T17:30:00,74.9,11.0,89.4,62.0,68.0,89.8
2008-09-12T17:30:00,73.9,12.0,90.6,61.0,125.0,89.2
2008-08-31T21:45:00,76.1,18.0,85.7,69.0,123.0,87.7
2008-09-13T03:45:00,72.6,5.0,87.3,88.0,107.0,76.5
2008-09-11T00:00:00,76.2,10.0,86.4,81.0,117.0,82.6
2008-09-05T12:45:00,71.4,15.0,78.7,90.0,274.0,74.6
2008-09-06T21:30:00,69.9,9.0,93.0,53.0,71.0,89.0
2008-09-13T14:15:00,75.4,12.0,83.8,74.0,113.0,84.8
2008-09-11T13:00:00,77.0,9.0,82.0,86.0,130.0,81.7
2008-09-08T16:45:00,75.4,20.0,89.1,64.0,78.0,89.3
2008-09-09T22:45:00,76.2,15.0,87.2,77.0,107.0,84.1
2008-09-13T00:30:00,71.5,7.0,91.0,76.0,107.0,79.7
2008-09-02T15:45:00,75.8,17.0,86.5,66.0,69.0,88.5
2008-09-12T20:30:00,73.4,15.0,93.2,58.0,127.0,90.1
2008-09-01T14:30:00,76.8,14.0,82.2,72.0,92.0,87.1
2008-09-11T18:45:00,73.5,19.0,91.5,56.0,149.0,91.7
2008-09-11T10:00:00,76.0,7.0,82.4,89.0,113.0,79.6
2008-09-13T09:00:00,73.4,4.0,83.9,91.0,80.0,76.2
2008-09-13T05:00:00,72.6,2.0,86.3,89.0,121.0,76.2
2008-08-31T08:30:00,76.1,15.0,81.4,86.0,119.0,80.5
2008-09-08T01:30:00,74.0,10.0,90.1,77.0,70.0,81.9
2008-09-10T03:30:00,76.4,9.0,84.1,84.0,99.0,81.8
2008-09-11T05:45:00,77.1,12.0,83.5,88.0,118.0,81.1
2008-09-11T20:30:00,73.3,17.0,93.0,56.0,147.0,91.0
2008-09-08T12:45:00,76.6,14.0,83.2,80.0,73.0,83.6
2008-09-05T14:45:00,72.1,12.0,78.2,88.0,271.0,75.8
2008-09-06T02:30:00,70.0,6.0,80.7,85.0,261.0,75.0
2008-08-31T05:00:00,76.1,10.0,81.9,86.0,89.0,80.7
2008-09-11T15:45:00,76.0,15.0,85.2,66.0,145.0,89.0
2008-09-13T17:45:00,73.4,8.0,91.1,59.0,103.0,89.7
2008-09-08T19:15:00,75.0,19.0,93.4,61.0,89.0,90.3
2008-09-07T18:00:00,72.6,8.0,92.5,60.0,49.0,88.3
2008-09-09T20:00:00,75.1,24.0,88.2,66.0,114.0,87.8
2008-09-10T11:30:00,76.4,11.0,82.2,85.0,107.0,81.2
2008-08-31T07:30:00,76.8,13.0,81.5,85.0,102.0,81.9
2008-09-02T01:15:00,75.2,13.0,88.2,76.0,68.0,83.4
2008-09-07T18:30:00,72.5,9.0,93.7,59.0,57.0,88.8
2008-09-04T09:30:00,74.1,5.0,83.4,85.0,63.0,79.1
2008-09-02T06:15:00,76.3,9.0,84.4,83.0,64.0,81.9
2008-09-13T09:30:00,73.8,6.0,83.6,90.0,75.0,76.9
2008-09-13T14:45:00,74.1,11.0,84.6,67.0,105.0,86.5
2008-09-13T08:00:00,72.8,3.0,84.4,91.0,86.0,75.5
2008-09-01T15:45:00,76.5,14.0,84.6,70.0,78.0,87.6
2008-09-06T23:30:00,71.7,5.0,91.0,66.0,93.0,84.2
2008-09-03T16:30:00,75.5,10.0,87.0,66.0,68.0,88.6
2008-09-10T06:15:00,76.4,13.0,83.2,84.0,101.0,81.8
2008-09-12T00:15:00,73.9,9.0,90.6,76.0,118.0,82.1
2008-09-04T03:00:00,74.3,5.0,87.3,83.0,64.0,79.8
2008-09-06T18:00:00,64.4,7.0,88.7,44.0,212.0,89.6
2008-09-13T02:15:00,72.2,6.0,88.8,84.0,98.0,77.3
2008-09-04T14:15:00,72.8,16.0,83.1,71.0,43.0,83.3
2008-09-09T04:00:00,75.7,12.0,85.4,81.0,79.0,82.0
2008-09-11T22:30:00,75.0,14.0,92.8,67.0,135.0,87.2
2008-09-12T19:00:00,74.5,12.0,92.1,61.0,130.0,89.6
2008-09-10T21:15:00,76.9,17.0,87.5,74.0,135.0,86.3
2008-09-01T10:00:00,75.5,5.0,80.7,89.0,88.0,78.9
2008-09-07T18:45:00,71.8,10.0,94.3,57.0,68.0,89.1
2008-09-01T00:45:00,76.5,9.0,84.0,83.0,106.0,82.1
2008-09-02T04:30:00,76.3,9.0,85.3,84.0,58.0,81.8
2008-09-04T12:00:00,74.0,8.0,82.5,86.0,4.0,78.7
2008-09-10T07:00:00,76.4,14.0,83.0,84.0,103.0,81.8
2008-09-13T19:30:00,71.0,12.0,92.6,52.0,64.0,91.4
2008-09-09T12:00:00,75.5,15.0,82.3,81.0,83.0,81.9
2008-09-01T20:15:00,75.3,17.0,91.9,62.0,64.0,90.3
2008-09-14T04:00:00,73.7,4.0,87.5,87.0,116.0,77.8
2008-09-03T16:00:00,75.6,10.0,86.0,68.0,81.0,87.7
2008-09-10T19:30:00,76.7,17.0,87.3,71.0,134.0,87.1
2008-09-01T06:15:00,76.6,5.0,81.7,87.0,97.0,80.7
2008-09-12T00:00:00,74.2,8.0,90.9,76.0,120.0,82.6
2008-09-05T17:45:00,74.6,14.0,80.5,73.0,272.0,84.2
2008-09-05T14:15:00,71.7,14.0,78.2,90.0,263.0,75.0
2008-09-07T13:45:00,76.4,6.0,81.1,80.0,75.0,83.3
2008-08-31T14:45:00,77.0,11.0,80.8,87.0,111.0,81.3
2008-09-10T14:00:00,77.7,16.0,82.6,79.0,112.0,84.8
2008-09-06T13:15:00,72.2,3.0,76.7,76.0,271.0,80.6
2008-09-01T14:00:00,76.9,12.0,81.4,74.0,98.0,86.3
2008-09-13T16:15:00,73.6,11.0,87.9,61.0,117.0,88.7
2008-09-02T13:30:00,77.1,13.0,82.9,75.0,62.0,86.0
2008-08-31T10:15:00,75.0,9.0,80.9,87.0,101.0,79.1
2008-09-02T16:30:00,75.7,12.0,88.2,64.0,70.0,89.4
2008-09-07T12:30:00,75.4,2.0,80.3,85.0,69.0,80.3
2008-09-02T06:30:00,76.2,10.0,84.3,82.0,67.0,82.1
2008-09-02T17:15:00,76.9,12.0,89.8,69.0,79.0,88.2
2008-09-13T13:00:00,75.7,9.0,82.8,81.0,101.0,82.2
2008-09-04T00:15:00,73.3,7.0,90.9,73.0,74.0,83.0
2008-09-07T16:45:00,73.0,10.0,88.9,62.0,65.0,87.5
2008-09-11T22:15:00,74.4,16.0,93.0,63.0,143.0,88.5
2008-09-06T01:15:00,71.0,7.0,81.7,81.0,229.0,77.2
2008-09-08T14:45:00,75.9,17.0,85.2,71.0,78.0,86.4
2008-09-10T05:15:00,76.4,13.0,83.5,83.0,102.0,82.0
2008-09-12T19:45:00,74.9,13.0,92.8,64.0,142.0,88.8
2008-09-02T14:15:00,77.1,14.0,83.8,74.0,68.0,86.5
2008-09-01T15:00:00,76.6,14.0,83.0,70.0,99.0,87.7
2008-09-02T19:00:00,73.8,16.0,91.7,59.0,64.0,90.3
2008-09-14T02:45:00,73.3,5.0,88.6,85.0,111.0,78.3
2008-09-10T17:15:00,77.1,21.0,85.3,70.0,138.0,88.3
2008-09-09T00:45:00,76.5,11.0,88.7,82.0,72.0,82.4
2008-09-10T05:45:00,76.5,13.0,83.3,84.0,106.0,81.9
2008-09-07T09:45:00,71.3,2.0,81.2,91.0,77.0,74.2
2008-09-13T22:45:00,73.5,7.0,92.9,63.0,85.0,87.8
2008-09-12T10:00:00,73.9,4.0,83.5,89.0,108.0,77.4
2008-09-02T12:30:00,76.8,9.0,82.5,81.0,59.0,83.3
2008-09-12T21:30:00,73.3,13.0,93.9,59.0,123.0,89.6
2008-09-04T08:15:00,74.1,5.0,83.8,87.0,51.0,78.4
2008-09-07T18:15:00,72.6,8.0,93.1,60.0,68.0,88.5
2008-09-03T19:45:00,74.0,13.0,92.9,59.0,64.0,90.4
2008-09-13T21:00:00,73.2,8.0,93.4,60.0,111.0,89.1
2008-09-03T11:45:00,74.1,6.0,82.6,87.0,61.0,78.3
2008-09-04T08:30:00,74.7,6.0,83.7,87.0,53.0,79.0
2008-09-05T23:00:00,72.0,8.0,83.5,66.0,272.0,84.6
2008-09-13T19:15:00,73.2,12.0,92.5,59.0,65.0,89.7
2008-09-01T11:15:00,74.9,4.0,80.4,90.0,102.0,78.2
2008-09-09T01:45:00,76.1,13.0,87.4,81.0,77.0,82.4
2008-08-31T09:30:00,74.8,18.0,81.2,86.0,109.0,79.3
2008-09-07T22:00:00,68.4,12.0,95.3,51.0,59.0,88.8
2008-08-31T06:00:00,76.0,13.0,81.7,84.0,98.0,81.3
2008-09-13T11:45:00,74.0,4.0,82.9,88.0,99.0,77.9
2008-09-12T05:45:00,75.5,8.0,85.5,88.0,110.0,79.5
2008-09-14T01:30:00,73.4,8.0,89.8,80.0,96.0,80.2
2008-09-08T10:00:00,76.2,8.0,84.0,88.0,65.0,80.1
2008-09-10T02:15:00,76.3,13.0,84.6,83.0,111.0,82.2
2008-09-08T04:30:00,75.9,7.0,86.9,87.0,54.0,80.2
2008-09-08T23:45:00,76.4,12.0,90.5,83.0,66.0,82.0
2008-09-05T07:15:00,71.4,15.0,82.4,87.0,299.0,75.4
2008-09-12T19:15:00,75.1,14.0,92.3,61.0,142.0,90.4
2008-09-04T18:45:00,70.0,14.0,91.3,57.0,48.0,87.0
2008-09-07T17:15:00,72.3,9.0,90.4,60.0,66.0,87.8
2008-09-03T03:00:00,75.3,9.0,87.4,82.0,65.0,81.4
2008-09-10T00:15:00,76.1,15.0,86.0,80.0,108.0,83.0
2008-09-06T03:30:00,69.3,6.0,80.0,87.0,186.0,73.5
2008-09-09T02:45:00,75.6,13.0,86.4,79.0,83.0,82.7
2008-09-01T01:30:00,76.5,7.0,83.5,85.0,103.0,81.6
2008-09-01T21:30:00,75.4,18.0,92.5,64.0,66.0,89.2
2008-09-01T08:15:00,76.2,5.0,81.2,88.0,90.0,79.9
2008-09-05T13:45:00,71.6,15.0,78.2,90.0,276.0,74.7
2008-09-08T13:15:00,76.5,15.0,83.3,77.0,76.0,84.6
2008-09-08T14:15:00,76.8,17.0,84.4,73.0,74.0,86.4
2008-09-03T01:15:00,75.3,12.0,89.3,78.0,75.0,82.9
2008-09-12T01:30:00,73.9,10.0,89.0,82.0,116.0,80.0
2008-09-13T07:30:00,72.3,3.0,84.6,91.0,51.0,75.1
2008-09-06T18:45:00,64.9,7.0,90.7,43.0,300.0,90.5
2008-09-09T04:30:00,75.5,13.0,85.0,81.0,84.0,82.0
2008-09-09T16:00:00,76.3,20.0,85.8,69.0,98.0,87.6
2008-09-06T00:00:00,71.9,7.0,82.8,74.0,258.0,81.0
2008-09-01T01:00:00,76.5,8.0,83.8,84.0,102.0,81.9
2008-09-01T04:30:00,77.1,6.0,82.2,88.0,100.0,81.1
2008-09-12T21:15:00,73.2,14.0,93.8,60.0,107.0,89.2
2008-09-12T03:00:00,74.8,9.0,87.5,87.0,108.0,79.0
2008-09-01T17:00:00,76.2,12.0,87.0,64.0,82.0,90.2
2008-09-11T11:15:00,76.0,9.0,82.1,87.0,125.0,80.2
2008-09-07T08:15:00,71.7,3.0,81.9,90.0,17.0,74.8
2008-09-09T20:15:00,75.4,23.0,88.2,70.0,109.0,86.4
2008-09-05T01:15:00,71.4,11.0,86.4,75.0,359.0,80.1
2008-09-01T08:00:00,76.2,5.0,81.2,88.0,88.0,80.1
2008-09-06T02:00:00,70.5,6.0,81.1,84.0,238.0,75.7
2008-09-01T03:30:00,76.9,6.0,82.5,87.0,106.0,81.0
2008-08-31T20:30:00,76.1,21.0,85.5,67.0,124.0,88.6
2008-09-02T19:15:00,74.9,16.0,91.8,60.0,60.0,90.6
2008-09-02T16:00:00,74.7,16.0,87.1,66.0,73.0,87.5
2008-09-08T16:30:00,75.6,20.0,88.5,64.0,83.0,89.6
2008-09-11T18:15:00,74.9,17.0,90.5,59.0,147.0,91.5
2008-09-01T09:00:00,75.7,5.0,81.0,89.0,102.0,79.3
2008-09-04T09:00:00,74.8,5.0,83.5,85.0,75.0,79.8
2008-09-07T00:15:00,72.3,5.0,89.7,74.0,100.0,81.3
2008-09-04T20:45:00,70.5,15.0,91.0,61.0,39.0,85.3
2008-08-31T22:30:00,76.2,14.0,85.5,71.0,124.0,86.7
2008-09-07T11:45:00,71.7,3.0,80.4,90.0,23.0,74.6
2008-09-13T17:15:00,72.7,9.0,90.3,58.0,107.0,89.3
2008-09-04T06:30:00,73.6,5.0,84.7,85.0,56.0,78.6
2008-09-10T05:30:00,76.6,13.0,83.4,84.0,102.0,82.0
2008-09-02T23:15:00,75.2,12.0,92.2,71.0,74.0,85.6
2008-09-04T23:15:00,70.8,15.0,88.7,69.0,22.0,82.1
2008-09-01T12:45:00,77.3,4.0,80.3,84.0,82.0,82.7
2008-09-09T20:30:00,75.9,19.0,88.2,71.0,109.0,86.5
2008-09-14T00:00:00,72.6,7.0,91.7,71.0,97.0,82.9
2008-09-13T17:30:00,72.7,8.0,90.7,58.0,95.0,89.4
2008-09-06T00:45:00,71.1,7.0,82.1,76.0,246.0,79.2
2008-09-01T23:15:00,74.4,12.0,91.2,69.0,67.0,85.8
2008-09-10T06:45:00,76.3,14.0,83.1,84.0,99.0,81.7
2008-09-08T09:15:00,76.0,8.0,84.3,87.0,63.0,80.3
2008-09-04T03:15:00,74.3,5.0,87.1,84.0,58.0,79.6
2008-09-03T13:15:00,77.2,9.0,82.6,78.0,64.0,84.6
2008-08-31T05:45:00,76.0,12.0,81.7,84.0,97.0,81.1
2008-09-12T17:45:00,74.3,13.0,91.0,63.0,140.0,88.5
2008-09-05T03:15:00,71.3,10.0,84.8,78.0,353.0,78.7
2008-09-14T03:30:00,73.4,4.0,87.9,86.0,117.0,77.9
2008-09-04T07:45:00,74.1,5.0,84.0,86.0,66.0,78.7
2008-09-12T19:30:00,74.0,15.0,92.5,59.0,130.0,90.2
2008-09-04T17:00:00,70.1,14.0,87.6,57.0,36.0,87.1
2008-09-03T03:15:00,75.3,9.0,87.2,82.0,69.0,81.5
2008-09-09T05:45:00,75.4,13.0,84.3,80.0,76.0,82.0
2008-09-10T22:00:00,76.7,16.0,87.4,75.0,127.0,85.4
2008-08-31T14:00:00,76.9,12.0,80.8,86.0,105.0,81.4
2008-09-09T19:45:00,75.4,22.0,88.2,67.0,115.0,87.9
2008-09-04T16:30:00,69.6,14.0,86.6,58.0,34.0,86.1
2008-09-07T15:15:00,74.3,6.0,84.5,66.0,37.0,87.0
2008-09-07T02:15:00,71.8,5.0,86.7,79.0,113.0,79.0
2008-09-01T19:15:00,75.6,13.0,91.5,61.0,65.0,91.0
2008-09-03T10:45:00,75.1,5.0,83.0,86.0,60.0,79.5
2008-09-10T14:15:00,77.9,16.0,82.8,79.0,116.0,85.3
2008-09-11T23:45:00,74.4,8.0,91.3,75.0,119.0,83.3
2008-09-01T00:15:00,76.7,8.0,84.4,82.0,110.0,82.7
2008-09-13T06:45:00,72.0,2.0,85.1,91.0,50.0,75.0
2008-09-02T01:30:00,75.1,14.0,87.9,76.0,65.0,83.4
2008-09-01T02:00:00,76.6,7.0,83.2,86.0,105.0,81.2
2008-09-07T12:15:00,74.5,2.0,80.3,88.0,44.0,78.5
2008-09-09T21:45:00,76.2,15.0,87.9,78.0,104.0,83.9
2008-09-09T05:15:00,75.4,13.0,84.6,80.0,81.0,82.2
2008-08-31T13:00:00,76.7,10.0,80.8,87.0,106.0,81.1
2008-09-01T17:15:00,76.1,13.0,87.5,62.0,70.0,90.8
2008-09-11T13:45:00,77.9,12.0,82.4,81.0,116.0,84.4
2008-09-06T09:00:00,67.8,4.0,77.4,90.0,225.0,71.0
2008-09-12T08:00:00,74.8,6.0,84.4,88.0,99.0,78.6
2008-09-01T18:30:00,75.2,14.0,90.6,61.0,67.0,90.8
2008-09-08T13:30:00,76.3,17.0,83.5,76.0,75.0,84.9
2008-09-11T07:15:00,76.7,12.0,83.1,88.0,117.0,80.7
2008-09-07T06:45:00,71.7,4.0,82.7,90.0,355.0,74.7
2008-09-04T15:30:00,71.1,13.0,84.7,63.0,42.0,85.4
2008-09-03T20:15:00,74.3,12.0,93.2,60.0,58.0,90.0
2008-08-31T20:45:00,76.2,21.0,85.6,67.0,122.0,88.7
2008-09-13T22:30:00,72.9,8.0,93.1,61.0,83.0,88.1
2008-09-06T10:00:00,66.7,3.0,76.9,91.0,203.0,69.5
2008-09-09T18:45:00,76.7,21.0,88.1,71.0,91.0,87.1
2008-09-10T05:00:00,76.3,13.0,83.6,83.0,106.0,81.9
2008-09-01T09:15:00,75.6,5.0,80.9,89.0,97.0,79.1
2008-09-12T05:00:00,75.4,7.0,86.0,88.0,101.0,79.3
2008-09-02T07:30:00,76.1,8.0,83.9,84.0,62.0,81.5
2008-09-08T21:45:00,75.3,19.0,94.0,68.0,70.0,87.3
2008-09-03T21:15:00,73.0,13.0,93.7,58.0,62.0,89.7
2008-09-07T23:00:00,71.1,8.0,94.2,61.0,50.0,86.0
2008-09-04T22:45:00,70.5,14.0,89.3,67.0,22.0,82.7
2008-09-13T18:30:00,73.7,11.0,92.1,59.0,72.0,89.8
2008-09-12T01:00:00,73.9,10.0,89.6,79.0,117.0,80.8
2008-09-10T13:00:00,77.1,12.0,82.2,83.0,102.0,82.7
2008-09-09T07:15:00,75.3,12.0,83.6,80.0,73.0,82.1
2008-09-08T20:00:00,75.1,19.0,93.7,61.0,89.0,90.3
2008-08-31T15:45:00,77.4,14.0,80.8,88.0,99.0,81.2
2008-09-01T22:15:00,73.9,16.0,92.2,62.0,74.0,88.8
2008-09-02T15:30:00,76.6,15.0,86.0,68.0,66.0,88.4
2008-09-04T08:00:00,74.0,4.0,83.9,86.0,55.0,78.6
2008-09-07T00:30:00,72.1,5.0,89.3,75.0,100.0,80.8
2008-09-09T20:45:00,75.9,21.0,88.1,70.0,111.0,87.0
2008-09-05T03:30:00,71.1,10.0,84.7,78.0,341.0,78.7
2008-09-07T20:30:00,71.1,12.0,95.4,54.0,66.0,89.8
2008-09-13T01:30:00,71.4,5.0,89.7,79.0,124.0,78.4
2008-09-02T22:45:00,73.7,14.0,92.8,66.0,73.0,86.2
2008-09-12T02:00:00,74.1,9.0,88.4,84.0,115.0,79.3
2008-09-09T04:45:00,75.3,13.0,84.9,80.0,82.0,82.1
2008-09-08T18:15:00,75.8,19.0,92.2,65.0,101.0,89.2
2008-09-11T00:45:00,76.0,12.0,85.8,82.0,111.0,82.0
2008-09-12T04:00:00,75.1,7.0,86.7,88.0,105.0,78.9
2008-09-10T14:45:00,77.7,16.0,83.3,77.0,124.0,85.6
2008-09-12T16:15:00,74.8,12.0,87.4,64.0,114.0,88.7
2008-09-03T22:15:00,72.1,13.0,93.6,58.0,67.0,88.7
2008-09-11T05:00:00,77.1,12.0,83.8,88.0,113.0,81.0
2008-09-05T10:45:00,71.0,16.0,79.8,90.0,268.0,74.3
2008-09-03T12:45:00,77.2,8.0,82.4,82.0,64.0,83.4
2008-09-08T17:15:00,75.6,19.0,90.2,64.0,75.0,89.2
2008-09-10T22:15:00,76.8,15.0,87.3,76.0,126.0,85.3
2008-09-03T17:00:00,74.6,10.0,88.2,63.0,72.0,89.0
2008-09-04T18:30:00,71.0,16.0,90.9,58.0,40.0,87.5
2008-09-04T13:30:00,74.6,12.0,82.5,76.0,52.0,83.1
2008-09-03T20:30:00,73.5,14.0,93.4,58.0,68.0,90.1
2008-08-31T15:00:00,77.0,10.0,80.8,88.0,117.0,81.0
2008-09-09T17:15:00,77.2,20.0,87.6,73.0,95.0,87.0
2008-09-11T16:15:00,76.0,16.0,86.1,64.0,145.0,89.9
2008-09-08T03:15:00,75.7,8.0,88.0,84.0,58.0,80.9
2008-09-01T23:00:00,74.0,14.0,91.5,67.0,68.0,86.5
2008-09-08T10:15:00,76.1,9.0,83.9,87.0,72.0,80.5
2008-09-03T15:00:00,76.1,11.0,84.3,72.0,71.0,86.4
2008-09-06T22:45:00,70.2,7.0,92.2,57.0,97.0,87.2
2008-09-06T12:15:00,70.0,1.0,76.2,86.0,203.0,74.7
2008-09-05T22:15:00,70.1,12.0,83.9,58.0,267.0,86.6
2008-09-12T07:30:00,75.1,7.0,84.6,89.0,101.0,78.7
2008-09-08T02:00:00,74.3,10.0,89.4,79.0,68.0,81.5
2008-09-04T10:00:00,73.4,6.0,83.2,85.0,59.0,78.3
2008-09-06T08:30:00,67.8,3.0,77.6,90.0,208.0,70.9
2008-08-31T19:45:00,76.1,24.0,85.4,67.0,124.0,88.2
2008-09-10T19:45:00,76.9,16.0,87.3,72.0,129.0,87.1
2008-09-09T23:45:00,76.1,15.0,86.4,79.0,106.0,83.3
2008-09-06T14:00:00,70.4,5.0,77.9,65.0,279.0,83.2
2008-09-12T13:00:00,76.6,8.0,82.7,82.0,118.0,82.7
2008-09-02T03:30:00,76.1,9.0,86.0,82.0,59.0,82.0
2008-09-03T01:00:00,75.1,11.0,89.7,77.0,79.0,83.0
2008-09-08T07:45:00,76.3,7.0,85.0,88.0,63.0,80.3
2008-09-13T02:45:00,72.7,7.0,88.2,85.0,109.0,77.5
2008-09-04T01:00:00,73.7,5.0,89.7,78.0,82.0,81.3
2008-09-02T16:45:00,76.3,15.0,88.8,71.0,80.0,87.0
2008-08-31T14:15:00,77.0,10.0,80.8,87.0,103.0,81.2
2008-09-07T08:45:00,72.0,2.0,81.6,91.0,11.0,74.9
2008-09-04T15:45:00,70.5,12.0,85.1,60.0,48.0,86.3
2008-09-05T09:30:00,71.5,14.0,80.9,88.0,286.0,75.1
2008-08-31T23:00:00,76.6,12.0,85.2,74.0,114.0,85.8
2008-08-31T18:00:00,77.6,26.0,83.8,74.0,112.0,86.8
2008-09-07T20:15:00,71.7,11.0,95.2,55.0,54.0,89.8
2008-08-31T11:30:00,76.7,12.0,80.7,86.0,104.0,81.3
2008-09-01T02:15:00,76.7,8.0,83.1,86.0,107.0,81.2
2008-09-12T17:00:00,74.5,13.0,89.3,61.0,119.0,89.7
2008-09-13T15:15:00,73.1,12.0,85.6,64.0,106.0,86.6
2008-09-05T06:30:00,71.5,9.0,82.9,84.0,314.0,76.6
2008-09-06T10:30:00,66.9,4.0,76.7,91.0,180.0,69.7
2008-09-03T09:15:00,75.2,8.0,83.5,87.0,64.0,79.5
2008-09-10T18:00:00,77.1,20.0,86.3,70.0,127.0,88.1
2008-09-11T20:00:00,73.4,17.0,92.5,55.0,142.0,91.7
2008-09-08T06:30:00,76.5,8.0,85.6,87.0,65.0,80.6
2008-09-02T09:45:00,76.1,8.0,83.1,84.0,64.0,81.5
2008-09-04T12:30:00,75.1,7.0,82.4,88.0,16.0,79.1
